"issn_from_ajol","issn_from_issn_portal","issn_from_issn_portal2","source","country","open_access","stars","last_issue","source_url"
"0794-6961",NA,NA,"Abia State University Medical Students' Association Journal","Nigeria",FALSE,"missing",2022,"https://www.ajol.info/index.php/asumsaj"
NA,"2795-3726","0795-1639","Abraka Humanities Review","Nigeria",TRUE,"missing",NA,"https://www.ajol.info/index.php/abraka"
NA,NA,NA,"Abyssinia Journal of Science and Technology","Ethiopia",TRUE,"missing",NA,"https://www.ajol.info/index.php/abjst"
NA,NA,NA,"Academy Journal of Science and Engineering","Nigeria",TRUE,"missing",NA,"https://www.ajol.info/index.php/ajse"
"2415-0487","2415-0487","1023-0564","Acta Structilia","South Africa",TRUE,"missing",2022,"https://www.ajol.info/index.php/actas"
"2309-9089","2309-9089","1015-8758","Acta Theologica","South Africa",TRUE,"missing",2004,"https://www.ajol.info/index.php/actat"
"0850-3907","2521-9863","0850-3907","Africa Development","Senegal",TRUE,"missing",2022,"https://www.ajol.info/index.php/ad"
"1995-641X","1995-641X","0256-2804","Africa Insight","South Africa",FALSE,"missing",2022,"https://www.ajol.info/index.php/ai"
"1560-8646","2731-2992","1560-8646","Africa Sanguine","South Africa",TRUE,"missing",2022,"https://www.ajol.info/index.php/asan"
"1024-0969","1024-0969",NA,"African Anthropologist","Cameroon",TRUE,"missing",2022,"https://www.ajol.info/index.php/aa"
"2072-6589","2072-6589","1021-9730","African Crop Science Journal","Uganda",TRUE,"missing",2022,"https://www.ajol.info/index.php/acsj"
"0850-8518","1010-5522",NA,"African Environment","Senegal",FALSE,"missing",2004,"https://www.ajol.info/index.php/ae"
"1729-0503","1680-6905","1729-0503","African Health Sciences","Uganda",TRUE,"missing",2022,"https://www.ajol.info/index.php/ahs"
NA,"2411-6955","2410-7972","African Human Mobility Review","South Africa",TRUE,"missing",NA,"https://www.ajol.info/index.php/ahmr"
"2411-6939","2411-6939",NA,"African Journal for Physical Activity and Health Sciences","South Africa",FALSE,"missing",2022,"https://www.ajol.info/index.php/ajpherd"
NA,NA,NA,"African Journal for the Psychological Study of Social Issues","Nigeria",FALSE,"missing",2021,"https://www.ajol.info/index.php/ajpssi"
NA,"2591-6815",NA,"African Journal of Accounting and Social Science Studies","Tanzania",FALSE,"missing",NA,"https://www.ajol.info/index.php/ajasss"
"1608-5906","1727-9445","1608-5906","African Journal of AIDS Research","South Africa",FALSE,"missing",2023,"https://www.ajol.info/index.php/ajar"
"0794-2184",NA,NA,"African Journal of Anaesthesia and Intensive Care","Nigeria",FALSE,"missing",2022,"https://www.ajol.info/index.php/ajaic"
NA,"2408-7920",NA,"African Journal of Applied Research","Ghana",TRUE,"missing",NA,"https://www.ajol.info/index.php/ajapres"
"1119-023X",NA,NA,"African Journal of Applied Zoology and Environmental Biology","Nigeria",TRUE,"missing",2008,"https://www.ajol.info/index.php/ajazeb"
"1727-9364","1608-5914","1727-9364","African Journal of Aquatic Science","South Africa",FALSE,"missing",2022,"https://www.ajol.info/index.php/ajas"
"1119-5096",NA,NA,"African Journal of Biomedical Research","Nigeria",TRUE,"missing",2021,"https://www.ajol.info/index.php/ajbr"
"1684-5315",NA,NA,"African Journal of Biotechnology","Kenya",TRUE,"missing",2017,"https://www.ajol.info/index.php/ajb"
"2227-5835","2227-5835",NA,"African Journal of Chemical Education","Ethiopia",TRUE,"missing",NA,"https://www.ajol.info/index.php/ajce"
"1595-689X","1595-689X",NA,"African Journal of Clinical and Experimental Microbiology","Nigeria",TRUE,"missing",2023,"https://www.ajol.info/index.php/ajcem"
"1119-7056",NA,NA,"African Journal of Cross-Cultural Psychology and Sport Facilitation","South Africa",FALSE,"missing",2008,"https://www.ajol.info/index.php/ajcpsf"
NA,"2579-0242",NA,"African Journal of Current Medical Research","Ghana",FALSE,"missing",NA,"https://www.ajol.info/index.php/ajcmr"
"1531-4065","1531-4065",NA,"African Journal of Drug and Alcohol Studies","Nigeria",TRUE,"missing",2022,"https://www.ajol.info/index.php/ajdas"
"1116-4875","1607-2820",NA,"African Journal of Economic Policy","Nigeria",FALSE,"missing",2014,"https://www.ajol.info/index.php/ajep"
"2453-5966","2453-5958",NA,"African Journal of Economic Review","Tanzania",TRUE,"missing",2023,"https://www.ajol.info/index.php/ajer"
"2508-1128","0855-501X","2508-1128","African Journal of Educational Studies in Mathematics and Sciences","Ghana",TRUE,"missing",2022,"https://www.ajol.info/index.php/ajesms"
NA,"2709-2607",NA,"African Journal of Empirical Research","Kenya",TRUE,"missing",NA,"https://www.ajol.info/index.php/ajempr"
"1116-6495",NA,NA,"African Journal of Endocrinology and Metabolism","Nigeria",TRUE,"missing",2010,"https://www.ajol.info/index.php/ajem"
"1996-0786","1996-0786",NA,"African Journal of Environmental Science and Technology","Nigeria",TRUE,"missing",2017,"https://www.ajol.info/index.php/ajest"
"0856-6372","0856-6372",NA,"African Journal of Finance and Management","Tanzania",FALSE,"missing",2018,"https://www.ajol.info/index.php/ajfm"
"1608-1366",NA,NA,"African Journal of Food and Nutritional Security","Kenya",FALSE,"missing",2001,"https://www.ajol.info/index.php/fns"
"1684-5374","1684-5374","1684-5358","African Journal of Food, Agriculture, Nutrition and Development","Kenya",TRUE,"missing",2022,"https://www.ajol.info/index.php/ajfand"
NA,"2735-5489","2735-5497","African Journal of Gastroenterology and Hepatology","Egypt, Arab Rep.",TRUE,"missing",NA,"https://www.ajol.info/index.php/ajgh"
"2218-5615","2616-9045","2218-5615","African Journal of Governance and Development","Mozambique",FALSE,"missing",2017,"https://www.ajol.info/index.php/ajgd"
NA,"2078-5127",NA,"African Journal of Health Professions Education","South Africa",TRUE,"missing",2022,"https://www.ajol.info/index.php/ajhpe"
"1022-9272","1022-9272","2306-1987","African Journal of Health Sciences","Kenya",TRUE,"missing",2023,"https://www.ajol.info/index.php/ajhs"
"2006-0165","2006-0165","2505-0419","African Journal of Infectious Diseases","Nigeria",TRUE,"missing",2022,"https://www.ajol.info/index.php/ajid"
"0850-7902","1022-0461",NA,"African Journal of International Affairs","Senegal",TRUE,"missing",2014,"https://www.ajol.info/index.php/ajia"
NA,"1821-889X",NA,"African Journal of International Affairs and Development","Nigeria",FALSE,"missing",2015,"https://www.ajol.info/index.php/ajiad"
"0795-4778",NA,NA,"African Journal of Library, Archives and Information Science","Nigeria",FALSE,"missing",2022,"https://www.ajol.info/index.php/ajlais"
"1596-4019","1596-4019",NA,"African Journal of Livestock Extension","Nigeria",FALSE,"missing",2016,"https://www.ajol.info/index.php/ajlex"
"2458-7435","2458-7435","2343-6689","African Journal of Management Research","Ghana",TRUE,"missing",2022,"https://www.ajol.info/index.php/ajmr"
"1814-2338","1814-2338","1814-232X","African Journal of Marine Science","South Africa",FALSE,"missing",2023,"https://www.ajol.info/index.php/ajms"
"1015-8618","1992-2647","1015-8618","African Journal of Neurological Sciences","Côte d'Ivoire",TRUE,"missing",2022,"https://www.ajol.info/index.php/ajns"
"0189-5710","1608-7232",NA,"African Journal of Oral Health","Nigeria",TRUE,"missing",2020,"https://www.ajol.info/index.php/ajoh"
"1608-7232","1608-7232",NA,"African Journal of Oral Health Sciences","Kenya",FALSE,"missing",2008,"https://www.ajol.info/index.php/ajohs"
"2354-4325",NA,NA,"African Journal of Paediatric Nephrology","Nigeria",FALSE,"missing",2023,"https://www.ajol.info/index.php/ajpn"
"0189-6725","0189-6725",NA,"African Journal of Paediatric Surgery","Nigeria",FALSE,"missing",2015,"https://www.ajol.info/index.php/ajps-n"
"2141-8322","2141-8322",NA,"African Journal of Physiotherapy and Rehabilitation Sciences","Nigeria",TRUE,"missing",2018,"https://www.ajol.info/index.php/ajprs"
"1027-0353","1027-0353","1726-3727","African Journal of Political Science","South Africa",FALSE,"missing",2022,"https://www.ajol.info/index.php/ajps"
"1994-8220","0331-0175","1994-8220","African Journal of Psychiatry","South Africa",TRUE,"missing",2013,"https://www.ajol.info/index.php/ajpsy"
"1727-9380",NA,NA,"African Journal of Range and Forage Science","South Africa",FALSE,"missing",2022,"https://www.ajol.info/index.php/ajrfs"
"1118-4841","1118-4841","2141-3606","African Journal of Reproductive Health","Nigeria",TRUE,"missing",2023,"https://www.ajol.info/index.php/ajrh"
"2307-2482","2664-441X","2307-2482","African Journal of Rheumatology","Kenya",FALSE,"missing",2022,"https://www.ajol.info/index.php/ajr"
"1607-9949","1607-9949","2731-2739","African Journal of Science and Technology","Kenya",TRUE,"missing",2017,"https://www.ajol.info/index.php/ajst"
NA,"2734-3324","2672-5142","African Journal of Social Issues","Nigeria",TRUE,"missing",NA,"https://www.ajol.info/index.php/ajosi"
"2409-5605","2409-5605",NA,"African Journal of Social Work","Zimbabwe",TRUE,"missing",2023,"https://www.ajol.info/index.php/ajsw"
"2315-6317","2971-5253","2315-6317","African Journal of Sustainable Development","Nigeria",FALSE,"missing",2022,"https://www.ajol.info/index.php/ajsd"
"0189-6016",NA,NA,"African Journal of Traditional, Complementary and Alternative Medicines","Nigeria",TRUE,"missing",2020,"https://www.ajol.info/index.php/ajtcam"
NA,"2791-0113",NA,"African Journal of Tropical Entomology Research","Congo, Democratic Republic",TRUE,"missing",NA,"https://www.ajol.info/index.php/ajter"
"0002-0036","2226-4647","0002-0036","African Journal of Tropical Hydrobiology and Fisheries","Uganda",FALSE,"missing",2018,"https://www.ajol.info/index.php/ajthf"
"1110-5704","1110-5704",NA,"African Journal of Urology","Egypt, Arab Rep.",TRUE,"missing",2019,"https://www.ajol.info/index.php/aju"
"1562-6997","1562-6997","2309-737X","African Journal on Conflict Resolution","South Africa",TRUE,"missing",2022,"https://www.ajol.info/index.php/ajcr"
"2070-0083","1994-9057","2070-0083","African Research Review","Ethiopia",TRUE,"missing",2020,"https://www.ajol.info/index.php/afrrev"
"2042-1478","2410-4906","2042-1478","African Review of Economics and Finance","South Africa",FALSE,"missing",2022,"https://www.ajol.info/index.php/aref"
"1728-774X",NA,NA,"African Safety Promotion: A Journal of Injury and Violence Prevention","South Africa",TRUE,"missing",2021,"https://www.ajol.info/index.php/asp"
"1027-4332",NA,NA,"African Sociological Review / Revue Africaine de Sociologie","Senegal",TRUE,"missing",2019,"https://www.ajol.info/index.php/asr"
"1119-7196",NA,NA,"African Studies Monographs","Nigeria",FALSE,"missing",2008,"https://www.ajol.info/index.php/astumo"
"2224-073X","1562-7020","2224-073X","African Zoology","South Africa",FALSE,"missing",2023,"https://www.ajol.info/index.php/az"
"2316-090X","2316-090X",NA,"Afrika Statistika","Senegal",TRUE,"missing",2021,"https://www.ajol.info/index.php/afst"
"2141-162X","2141-162X",NA,"Afrimedic Journal","Nigeria",TRUE,"missing",2022,"https://www.ajol.info/index.php/afrij"
"1813-548X",NA,NA,"Afrique Science: Revue Internationale des Sciences et Technologie","Côte d'Ivoire",TRUE,"missing",2015,"https://www.ajol.info/index.php/afsci"
"2227-5452",NA,NA,"AFRREV IJAH: An International Journal of Arts and Humanities","Ethiopia",TRUE,"missing",2020,"https://www.ajol.info/index.php/ijah"
"2227-5460",NA,NA,"AFRREV LALIGENS: An International Journal of Language, Literature and Gender Studies","Ethiopia",TRUE,"missing",2020,"https://www.ajol.info/index.php/laligens"
"2227-5444",NA,NA,"AFRREV STECH: An International Journal of Science and Technology","Ethiopia",TRUE,"missing",2019,"https://www.ajol.info/index.php/stech"
"2821-9023","0855-5591",NA,"Agricultural and Food Science Journal of Ghana","Ghana",TRUE,"missing",2022,"https://www.ajol.info/index.php/afsjg"
"1119-7455",NA,NA,"Agro-Science","Nigeria",TRUE,"missing",2022,"https://www.ajol.info/index.php/as"
"1015-2288","1015-2288","2948-0086","Agronomie Africaine","Côte d'Ivoire",TRUE,"missing",2023,"https://www.ajol.info/index.php/aga"
"1117-9996","1117-9996","2467-8694","Agrosearch","Nigeria",TRUE,"missing",2022,"https://www.ajol.info/index.php/agrosh"
"2090-2948","2090-5076","2090-5068","Alexandria Journal of Medicine","Egypt, Arab Rep.",TRUE,"missing",2022,"https://www.ajol.info/index.php/bafm"
NA,"2716-9375","2773-2916","Algerian Journal of Biosciences","Algeria",TRUE,"missing",NA,"https://www.ajol.info/index.php/aljb"
NA,"2716-9227","2716-9278","Algerian Journal of Engineering and Technology","Algeria",TRUE,"missing",NA,"https://www.ajol.info/index.php/ajet"
NA,"2707-7179",NA,"AlQalam Journal of Medical and Applied Sciences","Libya",TRUE,"missing",NA,"https://www.ajol.info/index.php/ajmas"
"2305-9478","2226-6054","2305-9478","Anatomy Journal of Africa","Kenya",TRUE,"missing",2022,"https://www.ajol.info/index.php/aja"
NA,"2736-0067","2736-0059","Anchor University Journal of Science and Technology","Nigeria",TRUE,"missing",NA,"https://www.ajol.info/index.php/aujst"
"0794-4721",NA,NA,"Animal Production Research Advances","Nigeria",FALSE,"missing",2013,"https://www.ajol.info/index.php/apra"
"1597-3115",NA,NA,"Animal Research International","Nigeria",TRUE,"missing",2023,"https://www.ajol.info/index.php/ari"
"0254-4296","2731-2860","0254-4296","Annales Aequatoria","Congo, Republic",FALSE,"missing",2011,"https://www.ajol.info/index.php/aq"
NA,NA,NA,"Annales Africaines de Medecine","Congo, Democratic Republic",TRUE,"missing",NA,"https://www.ajol.info/index.php/aamed"
"1659-5009",NA,NA,"Annales des Sciences Agronomiques","Benin",FALSE,"missing",2018,"https://www.ajol.info/index.php/asab"
"1596-3519",NA,NA,"Annals of African Medicine","Nigeria",TRUE,"missing",2014,"https://www.ajol.info/index.php/aam"
"2523-0816","1999-9674","2523-0816","Annals of African Surgery","Kenya",TRUE,"missing",2023,"https://www.ajol.info/index.php/aas"
"1596-6569",NA,NA,"Annals of Biomedical Sciences","Nigeria",FALSE,"missing",2022,"https://www.ajol.info/index.php/abs"
NA,"2536-6149","2476-8642","Annals of Health Research","Nigeria",TRUE,"missing",NA,"https://www.ajol.info/index.php/ahr"
"2141-4343",NA,NA,"Annals of Humanities and Development Studies","Nigeria",FALSE,"missing",2020,"https://www.ajol.info/index.php/ahds"
"1597-1627","1597-1627",NA,"Annals of Ibadan Postgraduate Medicine","Nigeria",TRUE,"missing",2022,"https://www.ajol.info/index.php/aipm"
"2141-9248","2141-9248",NA,"Annals of Medical and Health Sciences Research","Nigeria",TRUE,"missing",2017,"https://www.ajol.info/index.php/amhsr"
"2141-1263","2141-1263",NA,"Annals of Modern Education","Nigeria",FALSE,"missing",2016,"https://www.ajol.info/index.php/ame"
"0331-3131","0331-3131",NA,"Annals of Nigerian Medicine","Nigeria",FALSE,"missing",2018,"https://www.ajol.info/index.php/anmed"
"1687-4137","2090-5394","1687-4137","Annals of Pediatric Surgery","Egypt, Arab Rep.",TRUE,"missing",2019,"https://www.ajol.info/index.php/aps"
"1858-554X",NA,NA,"Arab Journal of Nephrology and Transplantation","Sudan",TRUE,"missing",2015,"https://www.ajol.info/index.php/ajnt"
NA,NA,NA,"Arumaruka: Journal of Conversational Thinking","Nigeria",NA,NA,NA,"https://www.ajol.info/index.php/ajct"
"1467-6958","1467-6958",NA,"Archives of Ibadan Medicine","Nigeria",FALSE,"missing",2008,"https://www.ajol.info/index.php/aim"
"1694-2078","1694-2078","1694-2086","Archives of Medical and Biomedical Research","Mauritius",TRUE,"missing",2018,"https://www.ajol.info/index.php/ambr"
"1596-6305",NA,NA,"ATBU Journal of Environmental Technology","Nigeria",TRUE,"missing",2021,"https://www.ajol.info/index.php/atbu"
NA,"2756-4657","2465-6666","Babcock University Medical Journal","Nigeria",TRUE,"missing",NA,"https://www.ajol.info/index.php/bumj"
NA,NA,NA,"Bahir Dar University Journal of Law","Ethiopia",FALSE,"missing",NA,"https://www.ajol.info/index.php/bdujl"
NA,"2630-6638","2630-6980","Bakolori Journal of General Studies","Nigeria",TRUE,"missing",NA,"https://www.ajol.info/index.php/bajoges"
NA,"2437-0665",NA,"Batna Journal of Medical Sciences","Algeria",TRUE,"missing",NA,"https://www.ajol.info/index.php/bjms"
NA,"2635-3792",NA,"Bayero Journal of Medical Laboratory Science","Nigeria",TRUE,"missing",NA,"https://www.ajol.info/index.php/bjmls"
NA,"2659-1464",NA,"Bayero Journal of Nursing and Health Care","Nigeria",TRUE,"missing",NA,"https://www.ajol.info/index.php/bjnhc"
"2006-6996","2006-6996",NA,"Bayero Journal of Pure and Applied Sciences","Nigeria",TRUE,"missing",2022,"https://www.ajol.info/index.php/bajopas"
"0795-0268","2251-0842",NA,"Benin Journal of Postgraduate Medicine","Nigeria",TRUE,"missing",2011,"https://www.ajol.info/index.php/bjpm"
"2705-3822",NA,NA,"Bio-Research","Nigeria",TRUE,"missing",2023,"https://www.ajol.info/index.php/br"
"0795-8080",NA,NA,"Biokemistri","Nigeria",TRUE,"missing",2022,"https://www.ajol.info/index.php/biokem"
NA,"2706-8587",NA,"BNR Economic Review","Rwanda",TRUE,"missing",NA,"https://www.ajol.info/index.php/BNRER"
NA,"0189-9422","2437-1734","Borno Medical Journal","Nigeria",TRUE,"missing",NA,"https://www.ajol.info/index.php/bomj"
"1810-0163","2948-0248","1810-0163","Botswana Journal of Economics","Botswana",TRUE,"missing",2017,"https://www.ajol.info/index.php/boje"
"1019-1593","1019-1593",NA,"Botswana Journal of Technology","Botswana",FALSE,"missing",2014,"https://www.ajol.info/index.php/bjt"
"1597-2836",NA,NA,"Bowen Journal of Agriculture","Nigeria",FALSE,"missing",2017,"https://www.ajol.info/index.php/bja"
"0378-9721","0378-9721",NA,"Bulletin of Animal Health and Production in Africa","Kenya",FALSE,"missing",2018,"https://www.ajol.info/index.php/bahpa"
"1726-801X","1011-3924","1726-801X","Bulletin of the Chemical Society of Ethiopia","Ethiopia",TRUE,"missing",2022,"https://www.ajol.info/index.php/bcse"
NA,"2705-3121","2705-313X","Caliphate Journal of Science and Technology","Nigeria",TRUE,"missing",NA,"https://www.ajol.info/index.php/cajost"
"1813-3320","1813-3320",NA,"Cameroon Journal of Agricultural Science","Cameroon",FALSE,"missing",2009,"https://www.ajol.info/index.php/cjas"
"1816-0573","1816-0573",NA,"Cameroon Journal of Experimental Biology","Cameroon",FALSE,"missing",2023,"https://www.ajol.info/index.php/cajeb"
"0008-9176","0008-9176",NA,"Central African Journal of Medicine","Zimbabwe",FALSE,"missing",2023,"https://www.ajol.info/index.php/cajm"
"2384-6028",NA,NA,"ChemSearch Journal","Nigeria",TRUE,"missing",2022,"https://www.ajol.info/index.php/csj"
"2090-7214","2090-7214","1812-5840","Clinics in Mother and Child Health","Cameroon",TRUE,"missing",2012,"https://www.ajol.info/index.php/cmch"
"1115-2664",NA,NA,"Communicate: Journal of Library and Information Science","Nigeria",FALSE,"missing",2013,"https://www.ajol.info/index.php/cjlis"
"2343-6530",NA,NA,"Contemporary Journal of African Studies","Ghana",FALSE,"missing",2022,"https://www.ajol.info/index.php/contjas"
"2078-5143","0256-2170","2078-5143","Continuing Medical Education","South Africa",TRUE,"missing",2014,"https://www.ajol.info/index.php/cme"
"0189-0263",NA,NA,"Counsellor (The)","Nigeria",FALSE,"missing",2014,"https://www.ajol.info/index.php/coun"
NA,NA,NA,"Cradle of Knowledge: African Journal of Educational and Social Science Research (The)","Kenya",TRUE,"missing",NA,"https://www.ajol.info/index.php/ajessr"
"2006-6910",NA,NA,"Creative Artist: A Journal of Theatre and Media Studies","Nigeria",TRUE,"missing",2022,"https://www.ajol.info/index.php/cajtms"
"0256-004","0256-0046","1992-6049","Critical Arts","South Africa",FALSE,"missing",2004,"https://www.ajol.info/index.php/ca"
"2310-7103","2310-7103",NA,"Critical Studies in Teaching and Learning","South Africa",TRUE,"missing",2023,"https://www.ajol.info/index.php/cristal"
"2159-9130",NA,NA,"Current Writing: Text and Reception in Southern Africa","South Africa",FALSE,"missing",2010,"https://www.ajol.info/index.php/cw"
"0856-7212","0856-7212",NA,"Dar Es Salaam Medical Students' Journal","Tanzania",TRUE,"missing",2013,"https://www.ajol.info/index.php/dmsj"
"1465-0142",NA,NA,"Democracy & Development: Journal of West African Affairs","Nigeria",FALSE,"missing",2005,"https://www.ajol.info/index.php/dad"
NA,NA,NA,"Dirasat Hispanicas: Revista Tunecina de Estudios Hispánicos","Tunisia",TRUE,"missing",NA,"https://www.ajol.info/index.php/dirhisp"
"1015-079X","1015-079X",NA,"Discovery and Innovation","Kenya",FALSE,"missing",2009,"https://www.ajol.info/index.php/dai"
NA,"2635-3490","2476-8316","Dutse Journal of Pure and Applied Sciences","Nigeria",TRUE,"missing",NA,"https://www.ajol.info/index.php/dujopas"
NA,"2664-0996","2664-1003","East Africa Science","Burundi",TRUE,"missing",NA,"https://www.ajol.info/index.php/easci"
"0012-8325","0012-8325","2313-450X","East African Agricultural and Forestry Journal","Kenya",FALSE,"missing",2009,"https://www.ajol.info/index.php/eaafj"
NA,"2520-5285","2520-5277","East African Health Research Journal","Tanzania",TRUE,"missing",NA,"https://www.ajol.info/index.php/eahrj"
NA,"2789-360X","2789-3618","East African Journal of Biophysical and Computational Sciences","Ethiopia",TRUE,"missing",NA,"https://www.ajol.info/index.php/eajbcs"
NA,"2714-2132","2714-2183","East African Journal of Education and Social Sciences","Tanzania",TRUE,"missing",NA,"https://www.ajol.info/index.php/eajess"
"1021-8858","1021-8858",NA,"East African Journal of Peace and Human Rights","Uganda",FALSE,"missing",2008,"https://www.ajol.info/index.php/eajphr"
"0856-8960","2799-2128",NA,"East African Journal of Public Health","Tanzania",FALSE,"missing",2020,"https://www.ajol.info/index.php/eajph"
"1992-0407","1992-0407","1993-8195","East African Journal of Sciences","Ethiopia",TRUE,"missing",2021,"https://www.ajol.info/index.php/eajsci"
"1811-7503","1811-7503",NA,"East African Journal of Statistics","Kenya",FALSE,"missing",2008,"https://www.ajol.info/index.php/eajosta"
"0012-835X",NA,NA,"East African Medical Journal","Kenya",FALSE,"missing",NA,"https://www.ajol.info/index.php/eamj"
"1994-1072",NA,NA,"East African Orthopaedic Journal","Kenya",TRUE,"missing",2022,"https://www.ajol.info/index.php/eaoj"
"1026-552X","1026-552X",NA,"East and Central African Journal of Pharmaceutical Sciences","Kenya",TRUE,"missing",2022,"https://www.ajol.info/index.php/ecajps"
"2073-9990","2073-9990","1024-297X","East and Central African Journal of Surgery","Uganda",TRUE,"missing",2019,"https://www.ajol.info/index.php/ecajs"
"0377-7103","0377-7103",NA,"Eastern Africa Journal of Rural Development","Uganda",FALSE,"missing",2008,"https://www.ajol.info/index.php/eajrd"
"1684-4173","1027-1775","1684-4173","Eastern Africa Social Science Research Review","Ethiopia",FALSE,"missing",2022,"https://www.ajol.info/index.php/eassrr"
"1597-1260",NA,NA,"Ebonyi Medical Journal","Nigeria",FALSE,"missing",2013,"https://www.ajol.info/index.php/ebomed"
NA,NA,NA,"Economic and Policy Review","Nigeria",TRUE,"missing",2021,"https://www.ajol.info/index.php/epr"
"2006-7593","2006-7593",NA,"Edo Journal of Counselling","Nigeria",TRUE,"missing",2011,"https://www.ajol.info/index.php/ejc"
"1687-1502","2090-2603","1687-1502","Egyptian Journal of Biochemistry and Molecular Biology","Egypt, Arab Rep.",FALSE,"missing",2021,"https://www.ajol.info/index.php/ejbmb"
"1110-6859",NA,NA,"Egyptian Journal of Biology","Egypt, Arab Rep.",TRUE,"missing",2014,"https://www.ajol.info/index.php/ejb"
"1110-6379","1110-6379",NA,"Egyptian Journal of Biomedical Sciences","Egypt, Arab Rep.",FALSE,"missing",2007,"https://www.ajol.info/index.php/ejbs2"
"1110-6093",NA,NA,"Egyptian Journal of Biotechnology","Egypt, Arab Rep.",FALSE,"missing",2007,"https://www.ajol.info/index.php/ejbiot"
NA,"1687-2002","2090-7125","Egyptian Journal of Hospital Medicine","Egypt, Arab Rep.",TRUE,"missing",NA,"https://www.ajol.info/index.php/ejhm"
"1110-8630","2090-2441","1110-8630","Egyptian Journal of Medical Human Genetics","Egypt, Arab Rep.",TRUE,"missing",2019,"https://www.ajol.info/index.php/ejhg"
"1110-5593","1110-5593",NA,"Egyptian Journal of Medical Laboratory Sciences","Egypt, Arab Rep.",FALSE,"missing",2009,"https://www.ajol.info/index.php/ejmls"
"1110-6867","1110-6867",NA,"Egyptian Journal of Natural History","Egypt, Arab Rep.",TRUE,"missing",2013,"https://www.ajol.info/index.php/ejnh"
"2314-8934",NA,NA,"Egyptian Journal of Pediatric Allergy and Immunology (The)","Egypt, Arab Rep.",TRUE,"missing",2022,"https://www.ajol.info/index.php/ejpai"
"2449-1179","2449-1179",NA,"EJOTMAS: Ekpoma Journal of Theatre and Media Arts","Nigeria",TRUE,"missing",2022,"https://www.ajol.info/index.php/ejotmas"
"2071-7474","2071-7474","0376-8902","English in Africa","South Africa",FALSE,"missing",2022,"https://www.ajol.info/index.php/eia"
NA,"2705-1919","2705-3636","Environmental Technology and Science Journal","Nigeria",TRUE,"missing",NA,"https://www.ajol.info/index.php/etsj"
NA,"2354-1814","2682-5961","Equity Journal of Science and Technology","Nigeria",TRUE,"missing",NA,"https://www.ajol.info/index.php/equijost"
"1010-2728","1010-2728",NA,"Ergonomics SA","South Africa",FALSE,"missing",2022,"https://www.ajol.info/index.php/esa"
"0376-4753",NA,NA,"ESARBICA Journal: Journal of the Eastern and Southern Africa Regional Branch of the International Council on Archives","South Africa",FALSE,"missing",2023,"https://www.ajol.info/index.php/esarjo"
"2415-2382","0257-2605","2415-2382","Ethiopian Journal of Agricultural Sciences","Ethiopia",TRUE,"missing",2023,"https://www.ajol.info/index.php/ejas"
"1819-8678","1819-8678",NA,"Ethiopian Journal of Biological Sciences","Ethiopia",FALSE,"missing",2022,"https://www.ajol.info/index.php/ejbs"
"2410-2393","2311-9772",NA,"Ethiopian Journal of Business and Economics (The)","Ethiopia",TRUE,"missing",2019,"https://www.ajol.info/index.php/ejbe"
"0378-0813","0378-0813",NA,"Ethiopian Journal of Development Research","Ethiopia",FALSE,"missing",2022,"https://www.ajol.info/index.php/ejdr"
"1993-3681","2957-7489","1993-3681","Ethiopian Journal of Economics","Ethiopia",TRUE,"missing",2021,"https://www.ajol.info/index.php/eje"
NA,"0425-4414","2523-0980","Ethiopian Journal of Education","Ethiopia",TRUE,"missing",NA,"https://www.ajol.info/index.php/ejed"
"1998-8907","1998-8907","2309-8600","Ethiopian Journal of Education and Sciences","Ethiopia",TRUE,"missing",2020,"https://www.ajol.info/index.php/ejesc"
"1998-0507","1998-0507",NA,"Ethiopian Journal of Environmental Studies and Management","Ethiopia",TRUE,"missing",2017,"https://www.ajol.info/index.php/ejesm"
"1021-6790","1021-6790","2309-7388","Ethiopian Journal of Health Development","Ethiopia",TRUE,"missing",2022,"https://www.ajol.info/index.php/ejhd"
"2413-7170","2413-7170","1029-1857","Ethiopian Journal of Health Sciences","Ethiopia",TRUE,"missing",2022,"https://www.ajol.info/index.php/ejhs"
NA,"2307-6097",NA,"Ethiopian Journal of Human Rights","Ethiopia",TRUE,"missing",NA,"https://www.ajol.info/index.php/ejhr"
NA,"2413-2640","2519-0334","Ethiopian Journal of Pediatrics and Child Health","Ethiopia",TRUE,"missing",NA,"https://www.ajol.info/index.php/ejpch"
NA,"2663-3205","1998-0531","Ethiopian Journal of Science and Sustainable Development","Ethiopia",TRUE,"missing",NA,"https://www.ajol.info/index.php/ejssd"
"2312-6019","1816-3378","2312-6019","Ethiopian Journal of Science and Technology","Ethiopia",TRUE,"missing",2022,"https://www.ajol.info/index.php/ejst"
"2520-582X","1810-4487","2520-582X","Ethiopian Journal of the Social Sciences and Humanities","Ethiopia",TRUE,"missing",2022,"https://www.ajol.info/index.php/ejossah"
"1029-5933","1029-5933",NA,"Ethiopian Pharmaceutical Journal","Ethiopia",FALSE,"missing",2022,"https://www.ajol.info/index.php/epj"
NA,NA,NA,"Ethiopian Renaissance Journal of Social Sciences and Humanities","Ethiopia",TRUE,"missing",NA,"https://www.ajol.info/index.php/erjssh"
"2221-5034","1683-6324","2221-5034","Ethiopian Veterinary Journal","Ethiopia",TRUE,"missing",2022,"https://www.ajol.info/index.php/evj"
NA,NA,NA,"Evidence-Based Nursing Research","Egypt, Arab Rep.",TRUE,"missing",NA,"https://www.ajol.info/index.php/ebnr"
NA,NA,NA,"Federal Polytechnic Ilaro Journal of Pure and Applied Sciences","Nigeria",TRUE,"missing",NA,"https://www.ajol.info/index.php/fepijopas"
"2408-5987",NA,NA,"Filosofia Theoretica: Journal of African Philosophy, Culture and Religions","Nigeria",FALSE,"missing",2023,"https://www.ajol.info/index.php/ft"
NA,"2579-0625","2579-0617","FUOYE Journal of Engineering and Technology","Nigeria",TRUE,"missing",NA,"https://www.ajol.info/index.php/fuoyejet"
NA,NA,NA,"FUNAI Journal of Science and Technology","Nigeria",FALSE,"missing",NA,"https://www.ajol.info/index.php/funaijost"
"1597-8826","1597-8826",NA,"FUTY Journal of the Environment","Nigeria",TRUE,"missing",2022,"https://www.ajol.info/index.php/fje"
"1596-9231","1596-9231",NA,"Gender and Behaviour","Nigeria",FALSE,"missing",2023,"https://www.ajol.info/index.php/gab"
NA,"0855-5311","2408-7823","Ghana Dental Journal ","Ghana",NA,NA,NA,"https://www.ajol.info/index.php/gdj"
"0855-0042",NA,NA,"Ghana Journal of Agricultural Science","Ghana",TRUE,"missing",2022,"https://www.ajol.info/index.php/gjas"
NA,"0855-7349",NA,"Ghanaian Journal of Animal Science","Ghana",TRUE,"missing",NA,"https://www.ajol.info/index.php/gjansci"
"0855-6768",NA,NA,"Ghana Journal of Development Studies","Ghana",TRUE,"missing",2022,"https://www.ajol.info/index.php/gjds"
"0855-1707","0855-1707",NA,"Ghana Journal of Forestry","Ghana",FALSE,"missing",2012,"https://www.ajol.info/index.php/gjf"
"2821-8892","2821-8892",NA,"Ghana Journal of Geography","Ghana",TRUE,"missing",2022,"https://www.ajol.info/index.php/gjg"
"2026-6596",NA,NA,"Ghana Journal of Linguistics","Ghana",TRUE,"missing",2022,"https://www.ajol.info/index.php/gjl"
NA,NA,NA,"Ghana Journal of Religion and Theology","Ghana",TRUE,"missing",NA,"https://www.ajol.info/index.php/gjrt"
"0855-1448",NA,NA,"Ghana Journal of Science","Ghana",TRUE,"missing",NA,"https://www.ajol.info/index.php/gjs"
NA,NA,NA,"Ghana Journal of Science, Technology and Development","Ghana",TRUE,"missing",NA,"https://www.ajol.info/index.php/gjstd"
"0855-3033","0016-9552","0855-3033","Ghana Library Journal","Ghana",FALSE,"missing",2022,"https://www.ajol.info/index.php/glj"
"0016-9560","0016-9560","2616-163X","Ghana Medical Journal","Ghana",TRUE,"missing",2022,"https://www.ajol.info/index.php/gmj"
"0855-210X","2616-1478","0855-210X","Ghana Mining Journal","Ghana",TRUE,"missing",2022,"https://www.ajol.info/index.php/gm"
"0794-1005",NA,NA,"Global Approaches to Extension Practice: A Journal of Agricultural Extension","Nigeria",FALSE,"missing",2015,"https://www.ajol.info/index.php/gaep"
"1596-2903",NA,NA,"Global Journal of Agricultural Sciences","Nigeria",TRUE,"missing",2023,"https://www.ajol.info/index.php/gjass"
"1597-9857",NA,NA,"Global Journal of Community Medicine","Nigeria",TRUE,"missing",2009,"https://www.ajol.info/index.php/gjcm"
"1596-6224","2313-3856",NA,"Global Journal of Educational Research","Nigeria",TRUE,"missing",2022,"https://www.ajol.info/index.php/gjedr"
"1596-292X",NA,NA,"Global Journal of Engineering Research","Nigeria",TRUE,"missing",2017,"https://www.ajol.info/index.php/gjer"
"1596-6194",NA,NA,"Global Journal of Environmental Sciences","Nigeria",TRUE,"missing",2015,"https://www.ajol.info/index.php/gjes"
"1596-6798",NA,NA,"Global Journal of Geological Sciences","Nigeria",TRUE,"missing",2023,"https://www.ajol.info/index.php/gjgs"
"1596-6232","1596-6232",NA,"Global Journal of Humanities","Nigeria",TRUE,"missing",2012,"https://www.ajol.info/index.php/gjh"
"1596-6208",NA,NA,"Global Journal of Mathematical Sciences","Nigeria",TRUE,"missing",2015,"https://www.ajol.info/index.php/gjmas"
"1596-2911",NA,NA,"Global Journal of Medical Sciences","Nigeria",TRUE,"missing",2012,"https://www.ajol.info/index.php/gjms"
"1118-0579",NA,NA,"Global Journal of Pure and Applied Sciences","Nigeria",TRUE,"missing",2022,"https://www.ajol.info/index.php/gjpas"
"1596-6216",NA,NA,"Global Journal of Social Sciences","Nigeria",TRUE,"missing",2022,"https://www.ajol.info/index.php/gjss"
NA,NA,NA,"HAFED POLY Journal of Science, Management and Technology","Nigeria",FALSE,"missing",NA,"https://www.ajol.info/index.php/hpjsmt"
NA,"2789-9845","2789-9837","Haki Journal of Human Rights","Kenya",TRUE,"missing",NA,"https://www.ajol.info/index.php/hjhr"
"2305-3739","2305-3739","2227-2178","Haramaya Law Review","Ethiopia",TRUE,"missing",2022,"https://www.ajol.info/index.php/hlr"
"2071-9736","2071-9736","1025-9848","Health SA Gesondheid","South Africa",TRUE,"missing",2022,"https://www.ajol.info/index.php/hsa"
NA,"2720-7609","2704-4890","Health Sciences Investigations Journal","Ghana",TRUE,"missing",NA,"https://www.ajol.info/index.php/hsij"
"1596-2407","1596-2407",NA,"Highland Medical Research Journal","Nigeria",FALSE,"missing",2023,"https://www.ajol.info/index.php/hmrj"
"2072-8050",NA,NA,"HTS Teologiese Studies / Theological Studies","South Africa",TRUE,"missing",NA,"https://www.ajol.info/index.php/hts"
"1596-0749",NA,NA,"Humanities Review Journal","Nigeria",FALSE,"missing",2011,"https://www.ajol.info/index.php/hrj"
"0856-6739","0856-6739",NA,"Huria: Journal of the Open University of Tanzania","Tanzania",TRUE,"missing",NA,"https://www.ajol.info/index.php/huria"
NA,"2707-2169","2707-2150","Hybrid Journal of Literary and Cultural Studies","Kenya",FALSE,"missing",NA,"https://www.ajol.info/index.php/hjlcs"
"2141-9744","0189-2622","2141-9744","Ibadan Journal of Humanistic Studies","Nigeria",FALSE,"missing",2021,"https://www.ajol.info/index.php/ibjhs"
"0794-4896","2504-897X",NA,"Ife Journal of Science","Nigeria",TRUE,"missing",2023,"https://www.ajol.info/index.php/ijs"
"1117-1421",NA,NA,"IFE PsychologIA","Nigeria",FALSE,"missing",2022,"https://www.ajol.info/index.php/ifep"
"2141-7040","2141-7040",NA,"Ilorin Journal of Religious Studies","Nigeria",TRUE,"missing",2021,"https://www.ajol.info/index.php/ijrs"
"1821-7613",NA,NA,"IMTU Medical Journal","Tanzania",FALSE,"missing",2017,"https://www.ajol.info/index.php/imj"
"1683-0296","1683-0296",NA,"Indilinga: African Journal of Indigenous Knowledge Systems","South Africa",FALSE,"missing",2020,"https://www.ajol.info/index.php/indilinga"
"1445-7377","2079-7222",NA,"Indo-Pacific Journal of Phenomenology","South Africa",TRUE,"missing",2022,"https://www.ajol.info/index.php/ipjp"
"2360-994X",NA,NA,"Information Impact: Journal of Information and Knowledge Management","Nigeria",TRUE,"missing",2023,"https://www.ajol.info/index.php/iijikm"
"1596-5422",NA,NA,"Information Manager (The)","Nigeria",TRUE,"missing",2016,"https://www.ajol.info/index.php/tim"
"2805-3478","2805-3478",NA,"Information Technologist (The)","Nigeria",FALSE,"missing",2023,"https://www.ajol.info/index.php/ict"
"2077-8317",NA,NA,"Inkanyiso: Journal of Humanities and Social Sciences","South Africa",TRUE,"missing",2022,"https://www.ajol.info/index.php/ijhss"
"1025-8892","2325-2766","1977-7566","Innovation","South Africa",FALSE,"missing",2013,"https://www.ajol.info/index.php/innovation"
NA,NA,NA,"International Journal of African Higher Education ","South Africa",NA,NA,NA,"https://www.ajol.info/index.php/ijahe"
"1595-9716",NA,NA,"International Journal of Agriculture and Rural Development","Nigeria",FALSE,"missing",2012,"https://www.ajol.info/index.php/ijard"
"0331-5428",NA,NA,"International Journal of Applied Agriculture and Apiculture Research","Nigeria",TRUE,"missing",2016,"https://www.ajol.info/index.php/ijaaar"
"2384-681X",NA,NA,"International Journal of Basic, Applied and Innovative Research","Nigeria",TRUE,"missing",2019,"https://www.ajol.info/index.php/ijbair"
"1997-342X","1991-8631","1997-342X","International Journal of Biological and Chemical Sciences","Cameroon",TRUE,"missing",2022,"https://www.ajol.info/index.php/ijbcs"
"2384-6828","2384-6828","2315-6562","International Journal of Community Research","Nigeria",TRUE,"missing",2016,"https://www.ajol.info/index.php/ijcr"
NA,NA,NA,"International Journal of Current Research in the Humanities","Ghana",TRUE,"missing",NA,"https://www.ajol.info/index.php/ijcrh"
"2734-3316","2734-3316","2659-112X","International Journal of Development and Management Review","Nigeria",TRUE,"missing",2022,"https://www.ajol.info/index.php/ijdmr"
"0795-0632",NA,NA,"International Journal of Development and Policy Studies","Nigeria",FALSE,"missing",2008,"https://www.ajol.info/index.php/qijdps"
"1595-8485",NA,NA,"International Journal of Educational Research","Nigeria",TRUE,"missing",2022,"https://www.ajol.info/index.php/ijer"
"1119-7048",NA,NA,"International Journal of Emotional Psychology and Sport Ethics","South Africa",FALSE,"missing",2008,"https://www.ajol.info/index.php/ijepse"
NA,"2543-3717",NA,"International Journal of Energetica","Algeria",TRUE,"missing",NA,"https://www.ajol.info/index.php/ijeca"
"2141-2839",NA,NA,"International Journal of Engineering, Science and Technology","Nigeria",TRUE,"missing",2023,"https://www.ajol.info/index.php/ijest"
"1596-9819",NA,NA,"International Journal of Health Research","Nigeria",TRUE,"missing",2013,"https://www.ajol.info/index.php/ijhr"
"2384-6836","2315-537X",NA,"International Journal of Herbs and Pharmacological Research","Nigeria",TRUE,"missing",2016,"https://www.ajol.info/index.php/ijhpr"
NA,NA,NA,"International Journal of Information Security, Privacy and Digital Forensics","Nigeria",FALSE,"missing",NA,"https://www.ajol.info/index.php/ijispdf"
"1596-3381",NA,NA,"International Journal of Malaria and Tropical Diseases (IJMTD)","Nigeria",FALSE,"missing",2007,"https://www.ajol.info/index.php/ijmtd"
NA,NA,NA,"International Journal of Mathematical Sciences and Optimization: Theory and  Applications","Nigeria",TRUE,"missing",NA,"https://www.ajol.info/index.php/ijmso"
"2315-5019",NA,NA,"International Journal of Medicine and Biomedical Research","Nigeria",TRUE,"missing",2017,"https://www.ajol.info/index.php/ijmbr"
"1118-2601","2635-3695",NA,"International Journal of Medicine and Health Development","Nigeria",FALSE,"missing",2022,"https://www.ajol.info/index.php/jcm"
"1737-8176","1737-8176","1737-7374","International Journal of Modern Anthropology","Tunisia",TRUE,"missing",2022,"https://www.ajol.info/index.php/ijma"
"0794-4713",NA,NA,"International Journal of Natural and Applied Sciences","Nigeria",FALSE,"missing",2013,"https://www.ajol.info/index.php/ijonas"
"2026-6081",NA,NA,"International Journal of Pedagogy, Policy and ICT in Education","Ghana",FALSE,"missing",2023,"https://www.ajol.info/index.php/ijp"
"1597-913X",NA,NA,"International Journal of Tropical Agriculture and Food Systems","Nigeria",FALSE,"missing",2013,"https://www.ajol.info/index.php/ijotafs"
"1694-0423",NA,NA,"Internet Journal of Medical Update - EJOURNAL","Mauritius",TRUE,"missing",2021,"https://www.ajol.info/index.php/ijmu"
NA,"2617-0027","2617-0019","Investigational Medicinal Chemistry and Pharmacology","Cameroon",TRUE,"missing",NA,"https://www.ajol.info/index.php/imcp"
"2225-7039",NA,NA,"Italian Studies in Southern Africa/Studi d'Italianistica nell'Africa Australe","South Africa",FALSE,"missing",2022,"https://www.ajol.info/index.php/issa"
NA,"2591-7013",NA,"Jarida la Chama cha Lugha na Fasihi ya Kiswahili Tanzania (CHALUFAKITA)","Tanzania",TRUE,"missing",NA,"https://www.ajol.info/index.php/jclfkt"
"1019-7788","1019-7788",NA,"JASSA: Journal of Applied Science in Southern Africa","Zimbabwe",FALSE,"missing",2010,"https://www.ajol.info/index.php/jassa"
"2006-0734","2006-0734",NA,"Jos Journal of Medicine","Nigeria",TRUE,"missing",2021,"https://www.ajol.info/index.php/jjm"
NA,NA,NA,"Journal de la Faculté de Médecine d’Oran","Algeria",TRUE,"missing",NA,"https://www.ajol.info/index.php/jfmo"
"2413-354X",NA,NA,"Journal de la Recherche Scientifique de l’Université de Lomé","Togo",FALSE,"missing",NA,"https://www.ajol.info/index.php/jrsul"
"0851-4453",NA,NA,"Journal des Sciences Pour l'Ingénieur","Senegal",FALSE,"missing",2011,"https://www.ajol.info/index.php/jspi"
"0257-7062","2957-9163","0257-7062","Journal for Islamic Studies","South Africa",FALSE,"missing",2022,"https://www.ajol.info/index.php/jis"
"0258-252X",NA,NA,"Journal for Juridical Science","South Africa",FALSE,"missing",2011,"https://www.ajol.info/index.php/jjs"
"0259-9570","2958-9320",NA,"Journal for Language Teaching","South Africa",TRUE,"missing",2023,"https://www.ajol.info/index.php/jlt"
"1011-7601","1011-7601","2413-3027","Journal for the Study of Religion","South Africa",FALSE,"missing",2022,"https://www.ajol.info/index.php/jsr"
NA,NA,NA,"Journal of Academic Finance","Tunisia",TRUE,"missing",NA,"https://www.ajol.info/index.php/jaf"
"2449-108X","2449-108X",NA,"Journal of African Association of Physiological Sciences","Nigeria",TRUE,"missing",2022,"https://www.ajol.info/index.php/jaaps"
NA,"2695-236X",NA,"Journal of Agriculture and Environment","Nigeria",TRUE,"missing",NA,"https://www.ajol.info/index.php/jagrenv"
"2408-6851","2408-6851","1119-944X","Journal of Agricultural Extension","Nigeria",TRUE,"missing",2023,"https://www.ajol.info/index.php/jae"
"1596-5511",NA,NA,"Journal of Agricultural Research and Development","Nigeria",FALSE,"missing",2021,"https://www.ajol.info/index.php/jard"
"1597-1074",NA,NA,"Journal of Agriculture and Food Sciences","Nigeria",TRUE,"missing",2022,"https://www.ajol.info/index.php/jafs"
"1595-7470","1595-7470",NA,"Journal of Agriculture and Social Research (JASR)","Nigeria",TRUE,"missing",2018,"https://www.ajol.info/index.php/jasr"
"1597-0906",NA,NA,"Journal of Agriculture, Forestry and the Social Sciences","Nigeria",FALSE,"missing",2022,"https://www.ajol.info/index.php/joafss"
"1561-7645",NA,NA,"Journal of Agriculture, Science and Technology","Kenya",TRUE,"missing",2022,"https://www.ajol.info/index.php/jagst"
"1997-5902","1997-5902",NA,"Journal of Applied Biosciences","Kenya",TRUE,"missing",2023,"https://www.ajol.info/index.php/jab"
"1117-2894",NA,NA,"Journal of Applied Chemistry and Agricultural Research","Nigeria",FALSE,"missing",2008,"https://www.ajol.info/index.php/jacar"
"0855-2215",NA,NA,"Journal of Applied Science and Technology","Ghana",FALSE,"missing",2020,"https://www.ajol.info/index.php/jast"
"1596-3233",NA,NA,"Journal of Applied Science, Engineering and Technology","Nigeria",FALSE,"missing",2021,"https://www.ajol.info/index.php/jaset"
"2659-1502",NA,NA,"Journal of Applied Sciences and Environmental Management","Nigeria",TRUE,"missing",2023,"https://www.ajol.info/index.php/jasem"
"0189-8779","1115-2788","1018-3469","Journal of Aquatic Sciences","Nigeria",FALSE,"missing",2022,"https://www.ajol.info/index.php/jas"
NA,"2736-1772","1597-2569","Journal of Banking","Nigeria",TRUE,"missing",NA,"https://www.ajol.info/index.php/jb"
"2320-2041",NA,NA,"Journal of Basic and Clinical Reproductive Sciences","Nigeria",TRUE,"missing",2017,"https://www.ajol.info/index.php/jbcrs"
"1597-0043",NA,NA,"Journal of Biomedical Investigation","Nigeria",FALSE,"missing",2011,"https://www.ajol.info/index.php/jbi"
"0856-0501","0856-0501","2507-7716","Journal of Building and Land Development","Tanzania",FALSE,"missing",2020,"https://www.ajol.info/index.php/jbld"
"2077-3420","2077-3420","2958-3810","Journal of Business and Administrative Studies","Ethiopia",TRUE,"missing",2018,"https://www.ajol.info/index.php/jbas"
"0148-2963",NA,NA,"Journal of Business Research","Ghana",FALSE,"missing",2017,"https://www.ajol.info/index.php/jbr"
"1728-0591","1728-0583","1728-0591","Journal of Child and Adolescent Mental Health","South Africa",FALSE,"missing",2021,"https://www.ajol.info/index.php/jcamh"
"1729-5769",NA,NA,"Journal of Civil Engineering Research and Practice","Kenya",FALSE,"missing",2011,"https://www.ajol.info/index.php/jcerp"
"1562-6121",NA,NA,"Journal of Civil Engineering, JKUAT","Kenya",FALSE,"missing",2003,"https://www.ajol.info/index.php/jce"
"0794-7410",NA,NA,"Journal of Community Medicine and Primary Health Care","Nigeria",TRUE,"missing",2022,"https://www.ajol.info/index.php/jcmphc"
"2006-5523","2006-5523",NA,"Journal of Computer Science and Its Application","Nigeria",FALSE,"missing",2022,"https://www.ajol.info/index.php/jcsia"
"0378-5254",NA,NA,"Journal of Consumer Sciences","South Africa",TRUE,"missing",2022,"https://www.ajol.info/index.php/jfecs"
"1595-0956","2141-8020",NA,"Journal of Cultural Studies","Nigeria",FALSE,"missing",2014,"https://www.ajol.info/index.php/jcs"
"2305-7432","2305-7432",NA,"Journal of Development and Communication Studies","Malawi",TRUE,"missing",2021,"https://www.ajol.info/index.php/jdcs"
NA,"2635-3326","2141-8209","Journal of Dietitians Association of Nigeria","Nigeria",TRUE,"missing",NA,"https://www.ajol.info/index.php/jdan"
"1026-1613","1026-1613","2224-8862","Journal of East African Natural History","Kenya",FALSE,"missing",2022,"https://www.ajol.info/index.php/jeanh"
"1119-9210",NA,NA,"Journal of Educational Foundations","Nigeria",FALSE,"missing",2022,"https://www.ajol.info/index.php/jef"
"2220-1009",NA,NA,"Journal of Endocrinology, Metabolism and Diabetes of South Africa","South Africa",TRUE,"missing",2022,"https://www.ajol.info/index.php/jemdsa"
"1595-5125","2814-3272",NA,"Journal of Environmental Extension","Nigeria",FALSE,"missing",2016,"https://www.ajol.info/index.php/jext"
NA,"2523-1901",NA,"Journal of Equity in Sciences and Sustainable Development","Ethiopia",TRUE,"missing",NA,"https://www.ajol.info/index.php/jessd"
"1560-1560","1562-0085","1810-6870","Journal of Ethiopian Medical Practice","Ethiopia",FALSE,"missing",2009,"https://www.ajol.info/index.php/jemp"
"1596-2393",NA,NA,"Journal of Experimental and Clinical Anatomy","Nigeria",FALSE,"missing",2016,"https://www.ajol.info/index.php/jeca"
NA,"2664-5513","2663-1741","Journal of Food Stability","Cameroon",TRUE,"missing",NA,"https://www.ajol.info/index.php/jfs"
"1028-6098","1028-6098","2661-9016","Journal of Food Technology in Africa","Kenya",TRUE,"missing",2009,"https://www.ajol.info/index.php/jfta"
"1112-9867",NA,NA,"Journal of Fundamental and Applied Sciences","Algeria",TRUE,"missing",2018,"https://www.ajol.info/index.php/jfas"
NA,NA,NA,"Journal of Health, Applied Sciences and Management","Nigeria",TRUE,"missing",NA,"https://www.ajol.info/index.php/johasam"
NA,NA,NA,"Journal of Health and Visual Sciences","Nigeria",FALSE,"missing",2016,"https://www.ajol.info/index.php/jhvs"
"1597-3778","1597-3778","2736-0660","Journal of History and Diplomatic Studies","Nigeria",FALSE,"missing",2015,"https://www.ajol.info/index.php/jhds"
"1016-0728","1016-0728","2948-0094","Journal of Humanities","Malawi",TRUE,"missing",2023,"https://www.ajol.info/index.php/jh"
NA,"2664-2824",NA,"Journal of Interventional Epidemiology and Public Health","Uganda",TRUE,"missing",NA,"https://www.ajol.info/index.php/jieph"
"1998-1279",NA,NA,"Journal of Language, Technology & Entrepreneurship in Africa","Kenya",TRUE,"missing",2022,"https://www.ajol.info/index.php/jolte"
"1595-8922",NA,NA,"Journal of Librarianship and Information Science in Africa","Nigeria",FALSE,"missing",2001,"https://www.ajol.info/index.php/jlisa"
"2026-6294","2026-6294","2735-9697","Journal of Medical and Biomedical Sciences","Ghana",TRUE,"missing",2022,"https://www.ajol.info/index.php/jmbs"
"2787-0170","2787-0170","2787-0162","Journal of Medical Investigation and Practice","Nigeria",FALSE,"missing",2022,"https://www.ajol.info/index.php/jomip"
"1116-1043",NA,NA,"Journal of Medical Laboratory Science","Nigeria",FALSE,"missing",2015,"https://www.ajol.info/index.php/jmls"
"1596-6941",NA,NA,"Journal of Medicine and Biomedical Research","Nigeria",TRUE,"missing",2021,"https://www.ajol.info/index.php/jmbr"
"1119-3999","1119-3999",NA,"Journal of Medicine and Medical Sciences","Nigeria",FALSE,"missing",1999,"https://www.ajol.info/index.php/jmms"
"2276-7096","2468-8185","2276-7096","Journal of Medicine in the Tropics","Nigeria",FALSE,"missing",2014,"https://www.ajol.info/index.php/jmt"
"2006-7003","2006-7003",NA,"Journal of Meteorology and Climate Science","Nigeria",TRUE,"missing",2022,"https://www.ajol.info/index.php/jmcs"
"1116-2775",NA,NA,"Journal of Mining and Geology","Nigeria",FALSE,"missing",2009,"https://www.ajol.info/index.php/jmg"
"1596-3497",NA,NA,"Journal of Modeling, Design and Management of Engineering Systems","Nigeria",FALSE,"missing",2010,"https://www.ajol.info/index.php/jmdmes"
"1012-8867","1012-8867",NA,"Journal of Obstetrics and Gynaecology of Eastern and Central Africa","Kenya",FALSE,"missing",2017,"https://www.ajol.info/index.php/jogeca"
"1596-8499","1596-8499",NA,"Journal of Pharmaceutical and Allied Sciences","Nigeria",FALSE,"missing",2022,"https://www.ajol.info/index.php/jophas"
"0189-8442",NA,NA,"Journal of Pharmacy & Bioresources","Nigeria",FALSE,"missing",2022,"https://www.ajol.info/index.php/jpb"
"0855-6660",NA,NA,"Journal of Philosophy and Culture","Ghana",TRUE,"missing",2016,"https://www.ajol.info/index.php/jpc"
"1118-1028",NA,NA,"Journal of Phytomedicine and Therapeutics","Nigeria",TRUE,"missing",2022,"https://www.ajol.info/index.php/jopat"
NA,NA,NA,"Journal of Policy and Development Studies ","Nigeria",NA,NA,NA,"https://www.ajol.info/index.php/jpds"
"1433-0237","1815-5626","1433-0237","Journal of Psychology in Africa","South Africa",FALSE,"missing",2006,"https://www.ajol.info/index.php/jpa"
NA,"2736-1071","2736-1063","Journal of Radiography and Radiation Sciences","Nigeria",TRUE,"missing",NA,"https://www.ajol.info/index.php/jrrs"
"2006-5442",NA,NA,"UNIZIK Journal of Religion and Human Relations","Nigeria",TRUE,"missing",2022,"https://www.ajol.info/index.php/jrhr"
"2141-1778",NA,NA,"Journal of Research in Forestry, Wildlife and Environment","Nigeria",TRUE,"missing",2023,"https://www.ajol.info/index.php/jrfwe"
"1596-8308",NA,NA,"Journal of Research in National Development","Nigeria",FALSE,"missing",2017,"https://www.ajol.info/index.php/jorind"
"2070-1748","2304-2702","2414-4479","Journal of Science and Sustainable Development","Uganda",TRUE,"missing",2022,"https://www.ajol.info/index.php/jssd"
"0855-0395","2026-5646",NA,"Journal of Science and Technology (Ghana)","Ghana",TRUE,"missing",2023,"https://www.ajol.info/index.php/just"
"1027-4928",NA,NA,"Journal of Science and Technology (Zambia)","Zambia",FALSE,"missing",2006,"https://www.ajol.info/index.php/jost"
"1726-3700","1726-3700","1012-1080","Journal of Social Development in Africa","Zimbabwe",FALSE,"missing",2021,"https://www.ajol.info/index.php/jsda"
NA,"2507-7783","2714-285X","Journal of Sociology and Development","Tanzania",TRUE,"missing",NA,"https://www.ajol.info/index.php/jsd"
"2307-6267","2307-6267","2311-1771","Journal of Student Affairs in Africa","South Africa",TRUE,"missing",2023,"https://www.ajol.info/index.php/jssa"
"2006-8808","2006-8808",NA,"Journal of Surgical Technique and Case Report","Nigeria",TRUE,"missing",2016,"https://www.ajol.info/index.php/jstcr"
"2467-8392","1712-9664",NA,"Journal of Sustainable Development Law and Policy (The)","Nigeria",TRUE,"missing",2022,"https://www.ajol.info/index.php/jsdlp"
"1118-5570",NA,NA,"Journal of Technology and Education in Nigeria","Nigeria",FALSE,"missing",2015,"https://www.ajol.info/index.php/joten"
"1597-0597",NA,NA,"Journal of the Association of Nigerian Musicologists","Nigeria",FALSE,"missing",2022,"https://www.ajol.info/index.php/janm"
"2617-3948","2617-3948","2617-393X","Journal of the Cameroon Academy of Sciences","Cameroon",TRUE,"missing",2022,"https://www.ajol.info/index.php/jcas"
"1998-6017",NA,NA,"Journal of the Eritrean Medical Association","Eritrea",TRUE,"missing",2010,"https://www.ajol.info/index.php/jema"
NA,NA,NA,"Journal of the Ghana Institution of Engineers","Ghana",FALSE,"missing",2009,"https://www.ajol.info/index.php/jgie"
"0855-3823","2737-713X",NA,"Journal of the Ghana Science Association","Ghana",FALSE,"missing",2014,"https://www.ajol.info/index.php/jgsa"
"2070-626X","1812-1004","2070-626X","Journal of the Musical Arts in Africa","South Africa",FALSE,"missing",2023,"https://www.ajol.info/index.php/jmaa"
"1116-4336",NA,NA,"Journal of the Nigerian Association of Mathematical Physics","Nigeria",FALSE,"missing",2021,"https://www.ajol.info/index.php/jonamp"
"1119-1716",NA,NA,"Journal of the Nigerian Infection Control Association","Nigeria",FALSE,"missing",2004,"https://www.ajol.info/index.php/jnica"
"0795-0039","0794-0033",NA,"Journal of the Nigerian Optometric Association","Nigeria",TRUE,"missing",2022,"https://www.ajol.info/index.php/jnoa"
"0331-3727",NA,NA,"Journal of the Obafemi Awolowo University Medical Student's Association (IFEMED)","Nigeria",FALSE,"missing",2015,"https://www.ajol.info/index.php/ifemed"
NA,"2694-4561",NA,"Journal of the Pan African Thoracic Society","South Africa",TRUE,"missing",NA,"https://www.ajol.info/index.php/jpats"
"1012-2796",NA,NA,"Journal of the South African Society of Archivists","South Africa",TRUE,"missing",2022,"https://www.ajol.info/index.php/jsasa"
"1607-4106","1814-7593","1814-7607","Journal of Tropical Microbiology and Biotechnology","Kenya",FALSE,"missing",2013,"https://www.ajol.info/index.php/jtmb"
"1737-7803","1737-7803",NA,"Journal Tunisien d'ORL et de Chirurgie Cervico-Faciale","Tunisia",TRUE,"missing",2015,"https://www.ajol.info/index.php/jtdorl"
NA,NA,NA,"Jumuga Journal of Education, Oral Studies, and Human Sciences","Kenya",TRUE,"missing",NA,"https://www.ajol.info/index.php/jjeoshs"
NA,"2714-2426","2006-4772","Kanem Journal of Medical Sciences","Nigeria",TRUE,"missing",NA,"https://www.ajol.info/index.php/kjms"
NA,"2756-6013","2756-6021","Kashere Journal of Education","Nigeria",TRUE,"missing",NA,"https://www.ajol.info/index.php/kje"
"2071-2162","2072-7992","2071-2162","KCA Journal of Business Management","Kenya",TRUE,"missing",2017,"https://www.ajol.info/index.php/kjbm"
"0256-5161","0256-5161",NA,"Kenya Veterinarian","Kenya",FALSE,"missing",2014,"https://www.ajol.info/index.php/kenvet"
"0856-552X","2546-2210","0856-0617","Kioo cha Lugha","Tanzania",FALSE,"missing",2022,"https://www.ajol.info/index.php/kcl"
"0023-1886","2546-2229","0856-048X","Kiswahili","Tanzania",FALSE,"missing",2022,"https://www.ajol.info/index.php/ksh"
"1596-5031",NA,NA,"Lagos Historical Review","Nigeria",FALSE,"missing",2022,"https://www.ajol.info/index.php/lhr"
"1596-9487",NA,NA,"Lagos Journal of Library and Information Science","Nigeria",FALSE,"missing",2022,"https://www.ajol.info/index.php/ljlis"
"0075-7640","0075-7640",NA,"Lagos Notes and Records","Nigeria",FALSE,"missing",2015,"https://www.ajol.info/index.php/lnr"
"2077-4907","2077-4907","1028-1053","Law, Democracy & Development","South Africa",TRUE,"missing",2022,"https://www.ajol.info/index.php/ldd"
"1118-3713","1118-3713",NA,"LBS Management Review","Nigeria",FALSE,"missing",2005,"https://www.ajol.info/index.php/lbsmr"
"2458-746X","2458-746X","0855-1502","Legon Journal of the Humanities","Ghana",TRUE,"missing",2022,"https://www.ajol.info/index.php/ljh"
"1012-0009",NA,NA,"les cahiers du cread","Algeria",TRUE,"missing",2022,"https://www.ajol.info/index.php/cread"
NA,NA,NA,"Les Cahiers du MECAS","Algeria",FALSE,"missing",NA,"https://www.ajol.info/index.php/lcdm"
"2224-0039","2224-0039","1684-4904","Lexikos","South Africa",TRUE,"missing",2022,"https://www.ajol.info/index.php/lex"
"1819-6357","1993-2820",NA,"Libyan Journal of Medicine","Libya",TRUE,"missing",2022,"https://www.ajol.info/index.php/ljm"
"1813-2227","1813-2227",NA,"Lwati: A Journal of Contemporary Research","Eswatini",TRUE,"missing",2022,"https://www.ajol.info/index.php/lwati"
"1662-2510","1662-2510",NA,"Madagascar Conservation & Development","Madagascar",TRUE,"missing",2022,"https://www.ajol.info/index.php/mcd"
"2707-6113","1816-6822","2707-6113","Makerere Journal of Higher Education","Uganda",TRUE,"missing",2020,"https://www.ajol.info/index.php/majohe"
NA,"2312-9204",NA,"Malawi Journal of Economics","Malawi",TRUE,"missing",NA,"https://www.ajol.info/index.php/mje"
"1019-7079","1019-7079",NA,"Malawi Journal of Science and Technology","Malawi",TRUE,"missing",2022,"https://www.ajol.info/index.php/mjst"
"1995-7262","1995-7270","1995-7262","Malawi Medical Journal","Malawi",TRUE,"missing",2022,"https://www.ajol.info/index.php/mmj"
NA,NA,NA,"Management & Economics Research Journal","Algeria",TRUE,"missing",NA,"https://www.ajol.info/index.php/merj"
NA,"2682-2512","1110-7219","Mansoura Veterinary Medical Journal","Egypt, Arab Rep.",TRUE,"missing",NA,"https://www.ajol.info/index.php/mvmj"
"1816-7659",NA,NA,"Marang: Journal of Language and Literature","Botswana",FALSE,"missing",2017,"https://www.ajol.info/index.php/marang"
"1119-409X","1119-409X",NA,"Mary Slessor Journal of Medicine","Nigeria",FALSE,"missing",2010,"https://www.ajol.info/index.php/msjm"
"0855-4706","0855-4706","2508-1136","Mathematics Connection","Ghana",FALSE,"missing",2011,"https://www.ajol.info/index.php/mc"
"0047-651X","0047-651X",NA,"Medical Journal of Zambia","Zambia",TRUE,"missing",2021,"https://www.ajol.info/index.php/mjz"
NA,"1018-6409","2307-5031","Metamorphosis","South Africa",TRUE,"missing",NA,"https://www.ajol.info/index.php/met"
"2346-7126",NA,NA,"Mgbakoigba: Journal of African Studies","Nigeria",TRUE,"missing",2022,"https://www.ajol.info/index.php/mjas"
NA,"2682-4140","2682-4132","Microbes and Infectious Diseases","Egypt, Arab Rep.",TRUE,"missing",NA,"https://www.ajol.info/index.php/mid"
"2309-902X","2309-902X","1998-9881","Mizan Law Review","Ethiopia",TRUE,"missing",2023,"https://www.ajol.info/index.php/mlr"
"2220-184X","2220-184X","2073-073X","Momona Ethiopian Journal of Science","Ethiopia",TRUE,"missing",2022,"https://www.ajol.info/index.php/mejs"
"1595-4153",NA,NA,"Moor Journal of Agricultural Research","Nigeria",FALSE,"missing",2015,"https://www.ajol.info/index.php/mjar"
"1607-0011",NA,NA,"Mtafiti Mwafrika (African Researcher)","Uganda",FALSE,"missing",2017,"https://www.ajol.info/index.php/mtafiti"
NA,NA,NA,"MULIKA Journal","Tanzania",TRUE,"missing",NA,"https://www.ajol.info/index.php/mulika"
"1607-2820","1607-2820",NA,"New Agenda: South African Journal of Social and Economic Policy","South Africa",FALSE,"missing",2021,"https://www.ajol.info/index.php/na"
"1687-1219","1687-1219",NA,"New Egyptian Journal of Microbiology","Egypt, Arab Rep.",FALSE,"missing",2014,"https://www.ajol.info/index.php/nejmi"
"0300-368X",NA,NA,"Nigeria Agricultural Journal","Nigeria",TRUE,"missing",NA,"https://www.ajol.info/index.php/naj"
"0794-067X","0794-067X",NA,"Nigeria Journal of Business Administration","Nigeria",FALSE,"missing",2006,"https://www.ajol.info/index.php/njbm"
"1596-0862",NA,NA,"Nigeria Journal of Pure and Applied Physics","Nigeria",TRUE,"missing",2021,"https://www.ajol.info/index.php/njpap"
"0189-1006",NA,NA,"Nigerian Dental Journal","Nigeria",TRUE,"missing",2020,"https://www.ajol.info/index.php/ndj"
"2251-0362","2251-0362",NA,"Nigerian Endocrine Practice","Nigeria",FALSE,"missing",2014,"https://www.ajol.info/index.php/nep"
"0189-7241",NA,NA,"Nigerian Food Journal","Nigeria",FALSE,"missing",2021,"https://www.ajol.info/index.php/nifoj"
NA,NA,NA,"Nigerian Health Journal","Nigeria",TRUE,"missing",2017,"https://www.ajol.info/index.php/nhj"
"1597-7889","1597-7889",NA,"Nigerian Hospital Practice","Nigeria",FALSE,"missing",2022,"https://www.ajol.info/index.php/nhp"
"0331-2062","0331-2062",NA,"Nigerian Journal of Animal Production","Nigeria",FALSE,"missing",2021,"https://www.ajol.info/index.php/njap"
"1119-4308","2682-6550","2645-2952","Nigerian Journal of Animal Science","Nigeria",TRUE,"missing",2022,"https://www.ajol.info/index.php/tjas"
"2756-4843",NA,NA,"Nigerian Journal of Basic and Applied Sciences","Nigeria",TRUE,"missing",2022,"https://www.ajol.info/index.php/njbas"
"0189-1731","0189-1731",NA,"Nigerian Journal of Biotechnology","Nigeria",TRUE,"missing",2023,"https://www.ajol.info/index.php/njb"
NA,NA,NA,"Nigerian Journal of Botany","Nigeria",TRUE,"missing",NA,"https://www.ajol.info/index.php/njbot"
"1119-0221",NA,NA,"Nigerian Journal of Chemical Research","Nigeria",TRUE,"missing",2022,"https://www.ajol.info/index.php/njcr"
NA,"2805-3710","2636-6126","Nigerian Journal of Christian Studies","Nigeria",TRUE,"missing",NA,"https://www.ajol.info/index.php/njcs"
"1118-4035",NA,NA,"Nigerian Journal of Clinical and Counselling Psychology","Nigeria",FALSE,"missing",2004,"https://www.ajol.info/index.php/njccp"
"2141-1123","2141-1123","2141-1131","Nigerian Journal of Clinical Medicine","Nigeria",FALSE,"missing",2021,"https://www.ajol.info/index.php/njcm"
"2229-7731","1596-2598",NA,"Nigerian Journal of Clinical Practice","Nigeria",TRUE,"missing",2022,"https://www.ajol.info/index.php/njcp"
NA,"2636-4956","2714-4089","Nigerian Journal of Dental Research","Nigeria",TRUE,"missing",NA,"https://www.ajol.info/index.php/njdr"
NA,NA,NA,"Nigerian Journal of Economic History","Nigeria",FALSE,"missing",2018,"https://www.ajol.info/index.php/njeh"
"2141-9884","2141-9884",NA,"Nigerian Journal of Family Practice","Nigeria",FALSE,"missing",2022,"https://www.ajol.info/index.php/njfp"
"1597-443X",NA,NA,"Nigerian Journal of Fisheries","Nigeria",FALSE,"missing",2009,"https://www.ajol.info/index.php/njf"
"2251-0079","2251-0079",NA,"Nigerian Journal of Gastroenterology and Hepatology","Nigeria",FALSE,"missing",2020,"https://www.ajol.info/index.php/njgh"
"1118-4647","1118-4647",NA,"Nigerian Journal of General Practice","Nigeria",FALSE,"missing",2014,"https://www.ajol.info/index.php/njgp"
"0189-9686","0189-9686",NA,"Nigerian Journal of Genetics","Nigeria",FALSE,"missing",2008,"https://www.ajol.info/index.php/njg"
"0794-0831",NA,NA,"Nigerian Journal of Guidance and Counselling","Nigeria",FALSE,"missing",2020,"https://www.ajol.info/index.php/njgc"
"1595-8272","1595-8272",NA,"Nigerian Journal of Health and Biomedical Sciences","Nigeria",FALSE,"missing",2010,"https://www.ajol.info/index.php/njhbs"
"1118-2733","1118-2733",NA,"Nigerian Journal of Horticultural Science","Nigeria",FALSE,"missing",2022,"https://www.ajol.info/index.php/njhs"
"2667-0526","1115-2613","1597-7927","Nigerian Journal of Medicine","Nigeria",TRUE,"missing",2022,"https://www.ajol.info/index.php/njm"
"1118-6267",NA,NA,"Nigerian Journal of Natural Products and Medicine","Nigeria",FALSE,"missing",2021,"https://www.ajol.info/index.php/njnpm"
"2805-4008","2805-4008","0189-0913","Nigerian Journal of Nutritional Sciences","Nigeria",FALSE,"missing",2022,"https://www.ajol.info/index.php/njns"
"2468-8363","2468-8363",NA,"Nigerian Journal of Ophthalmology","Nigeria",TRUE,"missing",2022,"https://www.ajol.info/index.php/njo"
"1596-4582","2667-1565","1596-4582","Nigerian Journal of Orthopaedics and Trauma","Nigeria",FALSE,"missing",2021,"https://www.ajol.info/index.php/njotra"
NA,NA,NA,"Nigerian Journal of Otorhinolaryngology","Nigeria",FALSE,"missing",2008,"https://www.ajol.info/index.php/njorl"
"0302-4660","0302-4660",NA,"Nigerian Journal of Paediatrics","Nigeria",TRUE,"missing",2022,"https://www.ajol.info/index.php/njp"
"1117-4145","1117-4145",NA,"Nigerian Journal of Parasitology","Nigeria",FALSE,"missing",2022,"https://www.ajol.info/index.php/njpar"
"2635-3555","2635-3555","0189-8434","Nigerian Journal of Pharmaceutical Research","Nigeria",TRUE,"missing",2023,"https://www.ajol.info/index.php/njpr"
"1595-0611","1118-7638",NA,"Nigerian Journal of Physics","Nigeria",FALSE,"missing",2015,"https://www.ajol.info/index.php/njphy"
"0794-859X","0794-859X",NA,"Nigerian Journal of Physiological Sciences","Nigeria",TRUE,"missing",2020,"https://www.ajol.info/index.php/njps"
"0794-9316","2468-7251",NA,"Nigerian Journal of Plastic Surgery","Nigeria",FALSE,"missing",2013,"https://www.ajol.info/index.php/njpsur"
"2006-8530","2006-8530",NA,"Nigerian Journal of Postgraduate Medicine","Nigeria",FALSE,"missing",2010,"https://www.ajol.info/index.php/njpm"
"0189-1774",NA,NA,"Nigerian Journal of Psychiatry","Nigeria",FALSE,"missing",2016,"https://www.ajol.info/index.php/njpsyc"
NA,"2682-6151","2682-6143","Nigerian Journal of Social Psychology","Nigeria",TRUE,"missing",NA,"https://www.ajol.info/index.php/njsp"
"1595-6121",NA,NA,"Nigerian Journal of Soil and Environmental Research","Nigeria",FALSE,"missing",2010,"https://www.ajol.info/index.php/njser"
NA,NA,NA,"Nigerian Journal of Soil Science","Nigeria",FALSE,"missing",2010,"https://www.ajol.info/index.php/njss"
"1117-6806","1117-6806",NA,"Nigerian Journal of Surgery","Nigeria",TRUE,"missing",2021,"https://www.ajol.info/index.php/njs"
"1595-1103","1595-1103",NA,"Nigerian Journal of Surgical Research","Nigeria",TRUE,"missing",2010,"https://www.ajol.info/index.php/njsr"
"1116-5898","1116-5898",NA,"Nigerian Journal of Surgical Sciences","Nigeria",FALSE,"missing",2009,"https://www.ajol.info/index.php/njssci"
"2437-2110","2437-2110",NA,"Nigerian Journal of Technological Development","Nigeria",TRUE,"missing",2023,"https://www.ajol.info/index.php/njtd"
"0795-5111",NA,NA,"Nigerian Journal of Technological Research","Nigeria",FALSE,"missing",2022,"https://www.ajol.info/index.php/njtr"
"2467-8821","0331-8443","2467-8821","Nigerian Journal of Technology","Nigeria",TRUE,"missing",2022,"https://www.ajol.info/index.php/njt"
"0029-0122","0029-0122",NA,"Nigerian Libraries","Nigeria",FALSE,"missing",2019,"https://www.ajol.info/index.php/jnla"
"2229-774X","0300-1652",NA,"Nigerian Medical Journal","Nigeria",FALSE,"missing",2023,"https://www.ajol.info/index.php/nmj"
"0189-0964",NA,NA,"Nigerian Medical Practitioner","Nigeria",FALSE,"missing",2022,"https://www.ajol.info/index.php/nmp"
"1116-428X","1116-428X",NA,"Nigerian Music Review","Nigeria",FALSE,"missing",2017,"https://www.ajol.info/index.php/nmr"
"0189-2657","0189-2657",NA,"Nigerian Quarterly Journal of Hospital Medicine","Nigeria",FALSE,"missing",2022,"https://www.ajol.info/index.php/nqjhm"
"0331-8214","0331-8214",NA,"Nigerian School Library Journal","Nigeria",FALSE,"missing",2022,"https://www.ajol.info/index.php/nslj"
"0331-3026",NA,NA,"Nigerian Veterinary Journal","Nigeria",TRUE,"missing",2022,"https://www.ajol.info/index.php/nvj"
"2276-7371","2276-7371",NA,"Nnamdi Azikiwe University Journal of International Law and Jurisprudence","Nigeria",TRUE,"missing",2022,"https://www.ajol.info/index.php/naujilj"
"1027-9148","1029-1962",NA,"Obstetrics and Gynaecology Forum","South Africa",FALSE,"missing",2023,"https://www.ajol.info/index.php/ogf"
"1597-474X",NA,NA,"OGIRISI: a New Journal of African Studies","Nigeria",TRUE,"missing",2021,"https://www.ajol.info/index.php/og"
"2218-6050","2226-4485",NA,"Open Veterinary Journal","Libya",TRUE,"missing",2023,"https://www.ajol.info/index.php/ovj"
NA,"2644-3740",NA,"Orapuh Journal","Gambia, The",TRUE,"missing",NA,"https://www.ajol.info/index.php/orapj"
"1115-0521",NA,NA,"Orient Journal of Medicine","Nigeria",FALSE,"missing",2022,"https://www.ajol.info/index.php/ojm"
NA,"2734-3138","2971-625X","Orient Journal of Surgical Sciences","Nigeria",TRUE,"missing",NA,"https://www.ajol.info/index.php/ojss"
"2224-0004","2224-0004","0259-191X","ORiON","South Africa",TRUE,"missing",2022,"https://www.ajol.info/index.php/orion"
"2304-8239",NA,NA,"Oromia Law Journal","Ethiopia",TRUE,"missing",2022,"https://www.ajol.info/index.php/olj"
"1727-947X",NA,NA,"Ostrich: Journal of African Ornithology","South Africa",FALSE,"missing",2022,"https://www.ajol.info/index.php/ostrich"
"0795-9478","0795-9478",NA,"OYE: Ogun Journal of Arts","Nigeria",FALSE,"missing",2008,"https://www.ajol.info/index.php/oye"
"1937-8688","1937-8688","2521-8859","Pan African Medical Journal","Uganda",TRUE,"missing",2022,"https://www.ajol.info/index.php/pamj"
NA,"0856-4027","2665-0746","Papers in Education and Development","Tanzania",TRUE,"missing",NA,"https://www.ajol.info/index.php/ped"
"0258-2236","0258-2236",NA,"Perspectives in Education","South Africa",TRUE,"missing",2013,"https://www.ajol.info/index.php/pie"
"0556-8641","2141-663X",NA,"Philosophical Papers","South Africa",FALSE,"missing",2008,"https://www.ajol.info/index.php/pp"
"1119-2283","2349-0128",NA,"Plant Products Research Journal","Nigeria",FALSE,"missing",2013,"https://www.ajol.info/index.php/pprj"
"0795-3038","0795-3038",NA,"Port Harcourt Medical Journal","Nigeria",FALSE,"missing",2016,"https://www.ajol.info/index.php/phmedj"
"1727-3781","1727-3781",NA,"Potchefstroom Electronic Law Journal/Potchefstroomse Elektroniese Regsblad","South Africa",TRUE,"missing",2022,"https://www.ajol.info/index.php/pelj"
"1727-933X","1727-933X","1607-3606","Quaestiones Mathematicae","South Africa",FALSE,"missing",2023,"https://www.ajol.info/index.php/qm"
"2026-6324","2026-6324",NA,"Regional Maritime University Journal","Ghana",FALSE,"missing",2017,"https://www.ajol.info/index.php/rmuj"
"2415-5152","2415-5152","2224-3534","Research in Hospitality Management","South Africa",TRUE,"missing",2022,"https://www.ajol.info/index.php/rhm"
"2467-8252","2360-7793","2467-8252","Research Journal of Health Sciences","Nigeria",TRUE,"missing",2022,"https://www.ajol.info/index.php/rejhs"
"0855-4412","0855-4412",NA,"Research Review of the Institute of African Studies","Ghana",FALSE,"missing",2012,"https://www.ajol.info/index.php/rrias"
"1024-4190","1024-4190",NA,"Review of Southern African Studies","Lesotho",FALSE,"missing",2011,"https://www.ajol.info/index.php/rosas"
NA,NA,NA,"Revista Angolana de Ciências","Angola",TRUE,"missing",NA,"https://www.ajol.info/index.php/rac"
"1997-3756",NA,NA,"Revue Africaine de Chirurgie et Spécialités","Cameroon",FALSE,"missing",2022,"https://www.ajol.info/index.php/racs"
"0773-8439",NA,NA,"Revue Burkinabè de droit","Burkina Faso",FALSE,"missing",2011,"https://www.ajol.info/index.php/rbd"
"1111-0015",NA,NA,"Revue d'Information Scientifique et Technique","Algeria",FALSE,"missing",2018,"https://www.ajol.info/index.php/rist"
"2410-8936",NA,NA,"Revue de Médecine et de Pharmacie","Cameroon",FALSE,"missing",2023,"https://www.ajol.info/index.php/rmp"
NA,"2458-665X","2028-5175","Revue Marocaine de Recherche en Management et Marketing","Morocco",TRUE,"missing",NA,"https://www.ajol.info/index.php/remarem"
"2305-2678","2305-2678","2305-5944","Rwanda Journal","Rwanda",TRUE,"missing",2018,"https://www.ajol.info/index.php/rj"
"2707-7209",NA,NA,"Rwanda Journal  of Agricultural Sciences","Rwanda",TRUE,"missing",2020,"https://www.ajol.info/index.php/rjeas"
"2617-233X","2617-2321","2617-233X","Rwanda Journal of Engineering, Science, Technology and Environment","Rwanda",TRUE,"missing",2022,"https://www.ajol.info/index.php/rjeste"
"2226-728X","2306-8876","2226-728X","Rwanda Journal of Health Sciences","Rwanda",TRUE,"missing",2013,"https://www.ajol.info/index.php/rjhs"
"2616-9827","2616-9819","2616-9827","Rwanda Journal of Medicine and Health Sciences","Rwanda",TRUE,"missing",2022,"https://www.ajol.info/index.php/rjmhs"
"2708-7603",NA,NA,"Rwanda Journal of Social Sciences, Humanities and Business","Rwanda",TRUE,"missing",2021,"https://www.ajol.info/index.php/rjsshb"
NA,"2410-8626","2079-097X","Rwanda Medical Journal","Rwanda",TRUE,"missing",NA,"https://www.ajol.info/index.php/rmj"
"2312-9239","2312-9239","2227-9148","Rwandan Journal of Education","Rwanda",TRUE,"missing",2022,"https://www.ajol.info/index.php/rje"
"2078-6778","2078-6778","1027-202X","SA Journal of Radiology","South Africa",TRUE,"missing",2023,"https://www.ajol.info/index.php/sajr"
"1024-9451","1024-9451",NA,"SAFERE: Southern African Feminist Review","Zimbabwe",FALSE,"missing",2000,"https://www.ajol.info/index.php/safere"
"1813-4424",NA,NA,"SAHARA-J: Journal of Social Aspects of HIV/AIDS","South Africa",TRUE,"missing",2022,"https://www.ajol.info/index.php/saharaj"
"1117-6210",NA,NA,"Sahel Journal of Veterinary Sciences","Nigeria",FALSE,"missing",2023,"https://www.ajol.info/index.php/sjvs"
"1118-8561","1118-8561",NA,"Sahel Medical Journal","Nigeria",FALSE,"missing",2011,"https://www.ajol.info/index.php/smj2"
"1596-5414",NA,NA,"Samaru Journal of Information Studies","Nigeria",TRUE,"missing",2021,"https://www.ajol.info/index.php/sjis"
NA,NA,NA,"SAPIENTIAE Revista de Ciências Sociais, Humanas e Enghenerias","Angola",TRUE,"missing",NA,"https://www.ajol.info/index.php/sapientiae"
"2276-6839","2276-6839",NA,"Savannah Journal of Medical Research and Practice","Nigeria",FALSE,"missing",2021,"https://www.ajol.info/index.php/sjmrp"
"1011-6028",NA,NA,"Science et Technique, Sciences de la Santé","Burkina Faso",FALSE,"missing",2023,"https://www.ajol.info/index.php/stss"
"1597-6343","2756-391X","1597-6343","Science World Journal","Nigeria",TRUE,"missing",2023,"https://www.ajol.info/index.php/swj"
"2305-3372",NA,NA,"Science, Technology and Arts Research Journal","Ethiopia",TRUE,"missing",2018,"https://www.ajol.info/index.php/star"
"1812-0741",NA,NA,"Sciences & Nature","Côte d'Ivoire",TRUE,"missing",2013,"https://www.ajol.info/index.php/scinat"
"1118-1931",NA,NA,"Scientia Africana","Nigeria",FALSE,"missing",2023,"https://www.ajol.info/index.php/sa"
"2224-0020",NA,NA,"Scientia Militaria: South African Journal of Military Studies","South Africa",TRUE,"missing",2023,"https://www.ajol.info/index.php/smsajms"
"1110-5607","2090-2409","1110-5607","Scientific Medical Journal","Egypt, Arab Rep.",FALSE,"missing",2001,"https://www.ajol.info/index.php/smedj"
"2313-1799",NA,NA,"Scopus: Journal of East African Ornithology","Kenya",TRUE,"missing",2023,"https://www.ajol.info/index.php/scopus"
"0189-9759",NA,NA,"Securities Market Journal","Nigeria",FALSE,"missing",2007,"https://www.ajol.info/index.php/smj"
"2071-7504","2071-7504","1011-582X","Shakespeare in Southern Africa","South Africa",FALSE,"missing",2022,"https://www.ajol.info/index.php/sisa"
"2076-6270","2219-3170","2076-6270","Sierra Leone Journal of Biomedical Research","Sierra Leone",TRUE,"missing",2019,"https://www.ajol.info/index.php/sljbr"
"2520-7997",NA,NA,"SINET: Ethiopian Journal of Science","Ethiopia",TRUE,"missing",2023,"https://www.ajol.info/index.php/sinet"
NA,"2536-7153",NA,"Sokoto Journal of Medical Laboratory Science","Nigeria",TRUE,"missing",NA,"https://www.ajol.info/index.php/sokjmls"
"1595-093X","1595-093X","2315-6201","Sokoto Journal of Veterinary Sciences","Nigeria",TRUE,"missing",2023,"https://www.ajol.info/index.php/sokjvs"
"1119-443X",NA,NA,"Sophia: An African Journal of Philosophy","Nigeria",FALSE,"missing",2021,"https://www.ajol.info/index.php/sophia"
"1680-2179","1680-2179",NA,"South African Actuarial Journal","South Africa",FALSE,"missing",2022,"https://www.ajol.info/index.php/saaj"
"1991-3877",NA,NA,"South African Crime Quarterly","South Africa",TRUE,"missing",2023,"https://www.ajol.info/index.php/sacq"
"2078-6204","2078-6190","2078-6204","South African Family Practice","South Africa",TRUE,"missing",2022,"https://www.ajol.info/index.php/safp"
"1812-1659","1812-1659",NA,"South African Gastroenterology Review","South Africa",FALSE,"missing",2021,"https://www.ajol.info/index.php/sagr"
"0379-9069",NA,NA,"South African Journal for Research in Sport, Physical Education and Recreation","South Africa",FALSE,"missing",2022,"https://www.ajol.info/index.php/sajrs"
"2305-1159","2305-1159","0257-2117","South African Journal of African Languages","South Africa",FALSE,"missing",2023,"https://www.ajol.info/index.php/sajal"
"2413-3221",NA,NA,"South African Journal of Agricultural Extension","South Africa",TRUE,"missing",2019,"https://www.ajol.info/index.php/sajae"
"2221-4062","2221-4062","0375-1589","South African Journal of Animal Science","South Africa",TRUE,"missing",2022,"https://www.ajol.info/index.php/sajas"
"1999-7639","1999-7639",NA,"South African Journal of Bioethics and Law","South Africa",TRUE,"missing",2022,"https://www.ajol.info/index.php/sajbl"
NA,NA,NA,"South African Journal of Botany","South Africa",FALSE,"missing",NA,"https://www.ajol.info/index.php/sajb"
"0379-4350",NA,NA,"South African Journal of Chemistry","South Africa",TRUE,"missing",2023,"https://www.ajol.info/index.php/sajc"
"1999-7671","1994-3032",NA,"South African Journal of Child Health","South Africa",TRUE,"missing",2023,"https://www.ajol.info/index.php/sajchh"
"2078-6204","1607-0658",NA,"South African Journal of Clinical Nutrition","South Africa",TRUE,"missing",2023,"https://www.ajol.info/index.php/sajcn"
"1011-3053","1018-0745",NA,"South African Journal of Cultural History","South Africa",FALSE,"missing",2012,"https://www.ajol.info/index.php/sajch"
"2076-3433","2076-3433","0256-0100","South African Journal of Education","South Africa",TRUE,"missing",2023,"https://www.ajol.info/index.php/saje"
"2225-8531","2225-8531",NA,"South African Journal of Geomatics","South Africa",TRUE,"missing",2022,"https://www.ajol.info/index.php/sajg"
"1011-3487","1753-5913","1011-3487","South African Journal of Higher Education","South Africa",FALSE,"missing",2013,"https://www.ajol.info/index.php/sajhe"
"2305-8862","0038-2329","2305-8862","South African Journal of Obstetrics and Gynaecology","South Africa",TRUE,"missing",2022,"https://www.ajol.info/index.php/sajog"
"0258-0136","2073-4867","0258-0136","South African Journal of Philosophy","South Africa",FALSE,"missing",2014,"https://www.ajol.info/index.php/sajpem"
"2167-034X","2167-034X","0257-1862","South African Journal of Plant and Soil","South Africa",FALSE,"missing",2016,"https://www.ajol.info/index.php/sajps"
"2078-6786","1608-9685","2078-6786","South African Journal of Psychiatry","South Africa",TRUE,"missing",2023,"https://www.ajol.info/index.php/sajpsyc"
NA,"1996-7489","0038-2353","South African Journal of Science","South Africa",TRUE,"missing",NA,"https://www.ajol.info/index.php/sajsci"
"2078-516X","2078-516X","1015-5163","South African Journal of Sports Medicine","South Africa",TRUE,"missing",2023,"https://www.ajol.info/index.php/sasma"
"2078-5151","0038-2361","2078-5151","South African Journal of Surgery","South Africa",TRUE,"missing",2018,"https://www.ajol.info/index.php/sajs"
"0256-95749","0256-9574","2078-5135","South African Medical Journal","South Africa",TRUE,"missing",2022,"https://www.ajol.info/index.php/samj"
"0258-509X","2223-635X",NA,"South African Music Studies","South Africa",FALSE,"missing",2021,"https://www.ajol.info/index.php/samus"
"2309-4613",NA,NA,"South Sudan Medical Journal","South Sudan",TRUE,"missing",2022,"https://www.ajol.info/index.php/ssmj"
"1819-3692",NA,NA,"Southern Africa Journal of Education, Science and Technology","Zimbabwe",TRUE,"missing",2022,"https://www.ajol.info/index.php/sajest"
"1998-8125","1998-8125","1561-896X","Southern African Business Review","South Africa",TRUE,"missing",2019,"https://www.ajol.info/index.php/sabr"
"2220-1173","2220-1173","2220-1181","Southern African Journal of Anaesthesia and Analgesia","South Africa",TRUE,"missing",2019,"https://www.ajol.info/index.php/sajaa"
"2078-676X","2078-676X","1562-8264","Southern African Journal of Critical Care","South Africa",TRUE,"missing",NA,"https://www.ajol.info/index.php/sajcc"
"2411-5959","2411-5959","0256-7504","Southern African Journal of Environmental Education","South Africa",TRUE,"missing",2022,"https://www.ajol.info/index.php/sajee"
"2078-6751","1608-9693","2078-6751","Southern African Journal of HIV Medicine","South Africa",TRUE,"missing",2019,"https://www.ajol.info/index.php/sajhivm"
"1727-9461","1607-3614","1727-9461","Southern African Linguistics and Applied Language Studies","South Africa",FALSE,"missing",2022,"https://www.ajol.info/index.php/salas"
"2070-2639",NA,NA,"Southern Forests: a Journal of Forest Science","South Africa",FALSE,"missing",2023,"https://www.ajol.info/index.php/sfjfs"
"2223-9936","1027-3417","2223-9936","Stellenbosch Papers in Linguistics","South Africa",TRUE,"missing",2018,"https://www.ajol.info/index.php/spl"
"2224-3380",NA,NA,"Stellenbosch Papers in Linguistics Plus","South Africa",TRUE,"missing",2022,"https://www.ajol.info/index.php/splp"
"0855-9449",NA,NA,"Studies in Gender and Development in Africa","Ghana",TRUE,"missing",2009,"https://www.ajol.info/index.php/sigada"
"0796-5419","0796-5419",NA,"Sud Sciences et Technologies","Burkina Faso",FALSE,"missing",2004,"https://www.ajol.info/index.php/sset"
"1858-5051","1858-5051",NA,"Sudan Journal of Medical Sciences","Sudan",TRUE,"missing",2023,"https://www.ajol.info/index.php/sjms"
"1815-3941","1815-3941",NA,"Sudanese Journal of Dermatology","Sudan",FALSE,"missing",2011,"https://www.ajol.info/index.php/sjd"
"2352-9717",NA,NA,"Synthèse: Revue des Sciences et de la Technologie","Algeria",TRUE,"missing",2022,"https://www.ajol.info/index.php/srst"
"0856-0625",NA,NA,"Tanzania Dental Journal","Tanzania",TRUE,"missing",2018,"https://www.ajol.info/index.php/tdj"
NA,"0856-664X",NA,"Tanzania Journal of Agricultural Sciences","Tanzania",TRUE,"missing",2023,"https://www.ajol.info/index.php/tjags"
"2591-6831","0856-9622","2591-6831","Tanzania Journal of Development Studies","Tanzania",FALSE,"missing",2023,"https://www.ajol.info/index.php/tjds"
NA,"1821-536X",NA,"Tanzania Journal of Engineering and Technology","Tanzania",TRUE,"missing",NA,"https://www.ajol.info/index.php/tjet"
"2408-8137","2408-8137","2408-8129","Tanzania Journal of Forestry and Nature Conservation","Tanzania",TRUE,"missing",2022,"https://www.ajol.info/index.php/tjfnc"
"1821-9241","1821-6404","1821-9241","Tanzania Journal of Health Research","Tanzania",TRUE,"missing",2023,"https://www.ajol.info/index.php/thrb"
"2507-7961","0856-1761","2507-7961","Tanzania Journal of Science","Tanzania",TRUE,"missing",2022,"https://www.ajol.info/index.php/tjs"
"0856-0714","0856-0714",NA,"Tanzania Medical Journal","Tanzania",FALSE,"missing",2020,"https://www.ajol.info/index.php/tmj"
"2714-206X","2714-206X",NA,"Tanzania Veterinary Journal","Tanzania",FALSE,"missing",2023,"https://www.ajol.info/index.php/tvj"
"1111-0902",NA,NA,"Technologies Avancées","Algeria",FALSE,"missing",2007,"https://www.ajol.info/index.php/ta"
NA,NA,NA,"The Catholic Voyage: African Journal of Consecrated Life","Nigeria",TRUE,"missing",NA,"https://www.ajol.info/index.php/tcv"
"2076-7714","2076-7714",NA,"Thought and Practice","Kenya",TRUE,"missing",2022,"https://www.ajol.info/index.php/tp"
"2415-0495","2415-0495",NA,"Town and Regional Planning","South Africa",TRUE,"missing",2022,"https://www.ajol.info/index.php/trp"
"0254-2765","0254-2765",NA,"Transactions of the Zimbabwe Scientific Association","Zimbabwe",FALSE,"missing",2000,"https://www.ajol.info/index.php/tzsa"
"0795-0101",NA,NA,"Tropical Freshwater Biology","Nigeria",FALSE,"missing",2022,"https://www.ajol.info/index.php/tfb"
"1117-4153",NA,NA,"Tropical Journal of Health Sciences","Nigeria",FALSE,"missing",2022,"https://www.ajol.info/index.php/tjhc"
"1119-0388","2505-0338","1119-0388","Tropical Journal of Medical Research","Nigeria",FALSE,"missing",2013,"https://www.ajol.info/index.php/tjmr"
NA,NA,NA,"Tropical Journal of Nephrology","Nigeria",TRUE,"missing",NA,"https://www.ajol.info/index.php/tjn"
"0189-5117","0189-5117",NA,"Tropical Journal of Obstetrics and Gynaecology","Nigeria",TRUE,"missing",2020,"https://www.ajol.info/index.php/tjog"
"1596-9827","1596-5996","1596-9827","Tropical Journal of Pharmaceutical Research","Nigeria",TRUE,"missing",2023,"https://www.ajol.info/index.php/tjpr"
"0794-4845","0794-4845",NA,"Tropical Veterinarian","Nigeria",FALSE,"missing",2022,"https://www.ajol.info/index.php/tv"
NA,"1737-5436",NA,"Tunisian Journal of Plant Protection","Tunisia",TRUE,"missing",NA,"https://www.ajol.info/index.php/tjpp"
"2309-9070","0041-476X","2309-9070","Tydskrif vir letterkunde","South Africa",TRUE,"missing",2022,"https://www.ajol.info/index.php/tvl"
"0041-574X","0041-574X",NA,"Uganda Journal","Uganda",FALSE,"missing",2002,"https://www.ajol.info/index.php/uj"
"2410-6909","2410-6909","1026-0919","Uganda Journal of Agricultural Sciences","Uganda",TRUE,"missing",2022,"https://www.ajol.info/index.php/ujas"
"1595-1413","1595-1413",NA,"UJAH: Unizik Journal of Arts and Humanities","Nigeria",TRUE,"missing",2022,"https://www.ajol.info/index.php/ujah"
"1021-0873",NA,NA,"UNISWA Journal of Agriculture","Eswatini",FALSE,"missing",2004,"https://www.ajol.info/index.php/uniswa"
"1029-9645",NA,NA,"UNISWA Research Journal of Agriculture, Science and Technology","Eswatini",FALSE,"missing",2010,"https://www.ajol.info/index.php/uniswa-rjast"
"2953-2515","0856-1818",NA,"University of Dar es Salaam Library Journal","Tanzania",TRUE,"missing",2023,"https://www.ajol.info/index.php/udslj"
"1694-0342","1694-0342",NA,"University of Mauritius Research Journal","Mauritius",TRUE,"missing",2016,"https://www.ajol.info/index.php/umrj"
"1606-7479",NA,NA,"Vulture News","South Africa",TRUE,"missing",2022,"https://www.ajol.info/index.php/vulnew"
"0378-4738",NA,NA,"Water SA","South Africa",TRUE,"missing",2023,"https://www.ajol.info/index.php/wsa"
"0855-4307","2661-9040","0855-4307","West African Journal of Applied Ecology","Ghana",TRUE,"missing",2022,"https://www.ajol.info/index.php/wajae"
"1116-5405","2276-9129",NA,"West African Journal of Industrial and Academic Research","Nigeria",TRUE,"missing",2017,"https://www.ajol.info/index.php/wajiar"
"0189-160X",NA,NA,"West African Journal of Medicine","Nigeria",TRUE,"missing",2015,"https://www.ajol.info/index.php/wajm"
"0303-691X","0303-691X",NA,"West African Journal of Pharmacology and Drug Research","Nigeria",FALSE,"missing",2021,"https://www.ajol.info/index.php/wajpdr"
"1115-3474","2321-6670",NA,"West African Journal of Radiology","Nigeria",FALSE,"missing",2011,"https://www.ajol.info/index.php/wajr"
"2683-6416","2683-6416","0856-860X","Western Indian Ocean Journal of Marine Science","Tanzania",TRUE,"missing",2022,"https://www.ajol.info/index.php/wiojms"
NA,NA,NA,"World Journal of Applied Science & Technology","Nigeria",TRUE,"missing",NA,"https://www.ajol.info/index.php/wojast"
"1687-8671","1687-8671",NA,"Zagazig Journal of Occupational Health and Safety","Egypt, Arab Rep.",FALSE,"missing",2010,"https://www.ajol.info/index.php/zjohs"
"0379-0622","1726-9091",NA,"Zambezia: The Journal of Humanities of the University of Zimbabwe","Zimbabwe",FALSE,"missing",2010,"https://www.ajol.info/index.php/zjh"
NA,NA,NA,"Zaria Historical Journal","Nigeria",TRUE,"missing",NA,"https://www.ajol.info/index.php/zahir"
"0514-6216",NA,NA,"Zede Journal","Ethiopia",TRUE,"missing",2022,"https://www.ajol.info/index.php/zj"
"1013-3445","1013-3445",NA,"Zimbabwe Journal of Educational Research","Zimbabwe",FALSE,"missing",2022,"https://www.ajol.info/index.php/zjer"
"2079-8997",NA,NA,"Zimbabwe Journal of Technological Sciences","Zimbabwe",FALSE,"missing",2016,"https://www.ajol.info/index.php/zjts"
"1016-1503","1016-1503",NA,"Zimbabwe Science News","Zimbabwe",FALSE,"missing",2002,"https://www.ajol.info/index.php/zsn"
"1016-1511","1016-1511",NA,"Zimbabwe Veterinary Journal","Zimbabwe",FALSE,"missing",2018,"https://www.ajol.info/index.php/zvj"
"1596-972X",NA,NA,"Zoologist (The)","Nigeria",TRUE,"missing",2023,"https://www.ajol.info/index.php/tzool"
